"timeId","keywordId","count"
1,4,69008
1,10,46309
1,66,33387
1,1,21363
1,30,20110
1,2,19938
1,36,16712
1,24,15889
1,14,14519
1,58,13169
1,52,12993
1,186,12753
1,12,12230
1,262,11920
1,201,10415
1,179,9898
1,82,9236
1,184,8648
1,9,8019
1,51,7637
1,72,7317
1,172,6696
1,50,6679
1,22,6247
1,15,6163
1,178,5719
1,157,5712
1,530,5698
1,239,5600
1,27,5511
1,21,5393
1,529,5293
1,185,5069
1,391,4807
1,6,4707
1,23,4651
1,188,4248
1,174,4175
1,28,3586
1,169,3423
1,170,3226
1,962,3154
1,132,3111
1,327,3098
1,974,2731
1,1277,2712
1,187,2643
1,111,2568
1,1528,2458
1,59,2389
1,1044,2318
1,263,2303
1,264,2188
1,105,2135
1,145,2115
1,415,2086
1,1174,2056
1,568,2054
1,196,2035
1,203,1914
1,3462,1866
1,1834,1805
1,312,1802
1,586,1630
1,905,1604
1,115,1523
1,390,1464
1,168,1447
1,2640,1446
1,1482,1444
1,80,1433
1,1542,1337
1,1565,1332
1,236,1325
1,35,1310
1,1470,1270
1,130,1257
1,152,1249
1,215,1190
1,1414,1183
1,126,1175
1,95,1169
1,859,1135
1,175,1134
1,94,1126
1,1212,1107
1,3133,1089
1,1028,1083
1,2349,1043
1,806,1029
1,606,1029
1,319,1019
1,585,1010
1,1283,992
1,2257,977
1,8,946
1,439,937
1,441,937
1,440,936
1,830,923
2,4,15414
2,10,10976
2,66,7864
2,262,7381
2,186,7256
2,58,6766
2,12,6148
2,201,5095
2,24,4088
2,184,3648
2,72,3605
2,14,3415
2,36,3131
2,22,3074
2,9,3009
2,530,2719
2,1,2645
2,82,2632
2,30,2576
2,529,2508
2,157,2465
2,179,2348
2,188,2242
2,169,2069
2,1277,2064
2,172,2031
2,2,1978
2,185,1958
2,170,1876
2,3462,1863
2,203,1861
2,239,1693
2,15,1692
2,962,1596
2,21,1448
2,974,1443
2,59,1441
2,174,1425
2,51,1369
2,196,1311
2,23,1296
2,263,1162
2,111,1132
2,264,1117
2,50,1112
2,132,1005
2,27,1001
2,145,1000
2,6,990
2,1174,966
2,80,964
2,2640,949
2,115,901
2,1470,849
2,178,814
2,391,785
2,1542,783
2,1834,771
2,168,760
2,586,759
2,1212,748
2,152,725
2,415,723
2,1044,722
2,327,706
2,187,688
2,1528,679
2,1482,679
2,221,654
2,28,640
2,315,615
2,312,578
2,175,548
2,1414,533
2,215,506
2,2063,498
2,905,494
2,253,490
2,319,457
2,585,456
2,314,452
2,1028,443
2,1620,438
2,1039,438
2,18,437
2,35,427
2,105,423
2,52,423
2,568,412
2,94,400
2,363,398
2,439,393
2,440,393
2,441,393
2,235,387
2,126,386
2,779,384
2,1460,384
2,830,381
2,5100,375
3,4,39815
3,10,23440
3,1,16927
3,2,15775
3,66,14567
3,52,11823
3,36,8802
3,9,7314
3,24,6615
3,14,4823
3,82,4715
3,178,3297
3,179,3164
3,51,2964
3,157,2773
3,172,2756
3,174,2656
3,15,2509
3,30,2503
3,50,2453
3,6,2307
3,391,2162
3,27,1995
3,327,1864
3,239,1812
3,23,1730
3,21,1543
3,132,1389
3,28,1379
3,390,1300
3,236,1173
3,1528,1076
3,35,1005
3,1565,954
3,415,927
3,568,891
3,312,872
3,905,771
3,187,686
3,111,670
3,606,654
3,8,648
3,105,632
3,151,620
3,145,595
3,16,491
3,1370,478
3,126,474
3,2698,460
3,624,459
3,859,457
3,627,455
3,366,450
3,479,412
3,1027,401
3,184,377
3,949,355
3,153,349
3,211,349
3,437,346
3,238,342
3,412,333
3,148,331
3,413,306
3,1277,299
3,2257,298
3,663,297
3,1800,296
3,1283,289
3,582,284
3,94,277
3,107,277
3,761,276
3,96,271
3,452,263
3,108,262
3,806,261
3,4272,257
3,598,257
3,712,255
3,73,243
3,1677,242
3,296,235
3,883,233
3,377,231
3,2794,227
3,910,224
3,626,211
3,1987,210
3,587,209
3,1444,208
3,417,208
3,2936,207
3,521,201
3,93,196
3,447,195
3,421,187
3,1730,186
3,1219,186
3,3130,183
4,4,736979
4,11,308535
4,2,214032
4,1,197995
4,9,159915
4,72,63582
4,17,53957
4,10,47026
4,155,40222
4,24,36464
4,66,33666
4,21,31875
4,166,31302
4,82,25238
4,192,23494
4,31,22909
4,19,22336
4,30,22162
4,38,18648
4,133,17383
4,3,17188
4,146,15615
4,132,14794
4,52,14016
4,60,12433
4,328,12308
4,27,11916
4,51,11731
4,67,11105
4,91,10866
4,50,10505
4,28,10408
4,77,9737
4,157,9544
4,36,8914
4,236,8690
4,102,8437
4,635,8371
4,15,7995
4,90,7939
4,178,7892
4,45,7147
4,450,6988
4,68,6959
4,391,6422
4,386,6397
4,323,6307
4,14,6013
4,204,5728
4,523,5030
4,179,4985
4,380,4699
4,390,4562
4,23,4503
4,283,4482
4,6,4339
4,172,3865
4,422,3584
4,98,3535
4,480,3417
4,1368,3273
4,174,3226
4,40,3208
4,46,3197
4,605,3091
4,415,3040
4,980,2868
4,1482,2785
4,184,2783
4,851,2774
4,414,2751
4,115,2708
4,1167,2642
4,417,2581
4,2794,2529
4,35,2466
4,315,2436
4,239,2424
4,126,2388
4,230,2383
4,583,2376
4,1909,2339
4,377,2289
4,198,2263
4,1915,2229
4,1377,2202
4,476,2184
4,568,2169
4,575,2100
4,311,2041
4,1039,1878
4,606,1845
4,418,1716
4,932,1716
4,599,1659
4,1736,1618
4,925,1594
4,22,1544
4,424,1539
4,327,1524
5,4,21936
5,10,10903
5,9,9658
5,66,7449
5,82,6012
5,24,5609
5,1,4032
5,2,3839
5,36,3511
5,51,1882
5,30,1756
5,157,1680
5,50,1674
5,174,1570
5,391,1508
5,179,1328
5,172,1176
5,15,1163
5,67,1146
5,854,1124
5,855,1118
5,856,1118
5,857,1118
5,6,1103
5,606,1099
5,14,1006
5,21,1002
5,35,999
5,27,981
5,178,851
5,132,836
5,327,759
5,28,739
5,68,736
5,23,682
5,390,610
5,151,599
5,239,591
5,1565,559
5,3174,517
5,164,488
5,236,473
5,568,472
5,52,471
5,859,451
5,480,420
5,413,399
5,415,372
5,2794,370
5,148,370
5,1444,312
5,663,307
5,358,300
5,366,296
5,851,284
5,627,276
5,126,274
5,111,271
5,145,270
5,312,269
5,3753,261
5,422,257
5,211,255
5,479,253
5,437,235
5,905,235
5,521,234
5,1027,227
5,1730,223
5,184,215
5,6958,212
5,267,209
5,580,207
5,153,205
5,105,197
5,447,196
5,73,193
5,417,191
5,4108,190
5,187,188
5,16,188
5,2251,187
5,1987,184
5,1294,182
5,412,180
5,296,178
5,1528,178
5,323,177
5,598,177
5,712,175
5,1456,175
5,377,173
5,4566,171
5,624,169
5,910,167
5,4534,159
5,667,155
5,949,147
5,1129,146
5,76,144
6,9,30975
6,4,18856
6,19,18721
6,30,17571
6,1,6941
6,2,5927
6,10,5508
6,24,4937
6,14,4441
6,66,4134
6,98,3524
6,82,2754
6,166,2623
6,157,2584
6,179,1972
6,51,1683
6,36,1384
6,67,1325
6,50,1311
6,15,1213
6,27,1205
6,236,1203
6,172,1130
6,391,1128
6,21,1052
6,28,969
6,132,928
6,35,906
6,6,893
6,68,877
6,23,877
6,99,761
6,390,751
6,714,724
6,174,716
6,323,708
6,239,677
6,412,617
6,151,544
6,606,528
6,5829,523
6,568,514
6,1027,507
6,2345,474
6,2346,472
6,178,470
6,859,458
6,8172,394
6,366,382
6,413,330
6,148,325
6,422,315
6,663,312
6,480,310
6,851,302
6,52,301
6,105,289
6,3744,273
6,11323,272
6,882,257
6,312,254
6,1730,253
6,3850,250
6,327,246
6,905,244
6,111,239
6,495,238
6,3431,238
6,3432,235
6,7022,235
6,494,232
6,145,228
6,521,227
6,496,226
6,1444,225
6,1528,219
6,5899,210
6,493,208
6,1456,207
6,447,206
6,8826,204
6,1565,201
6,7638,196
6,3468,194
6,2910,190
6,667,184
6,1915,183
6,70,182
6,153,176
6,1261,172
6,184,170
6,73,168
6,627,159
6,5035,156
6,16,154
6,126,151
6,211,150
6,76,149
6,3753,148
6,4459,141
7,4,101004
7,1,47243
7,2,46201
7,11,39626
7,9,34301
7,3,13146
7,72,13022
7,155,4197
7,10,4109
7,24,3866
7,66,3271
7,17,3075
7,323,2822
7,28,2756
7,19,2715
7,192,2704
7,132,2570
7,133,2516
7,328,2493
7,27,2363
7,82,2352
7,166,2323
7,236,1960
7,102,1931
7,157,1926
7,38,1881
7,932,1694
7,77,1436
7,980,1371
7,60,1365
7,414,1340
7,283,1253
7,21,1213
7,30,1165
7,15,1062
7,31,973
7,993,948
7,51,942
7,146,934
7,415,881
7,50,861
7,1915,853
7,480,791
7,204,789
7,45,768
7,1909,736
7,178,734
7,386,714
7,450,713
7,422,688
7,230,652
7,377,648
7,1249,639
7,238,635
7,1450,612
7,182,609
7,52,590
7,6,584
7,1143,575
7,67,535
7,424,530
7,417,523
7,23,514
7,391,510
7,1368,508
7,831,498
7,4145,489
7,380,470
7,1377,469
7,390,445
7,1055,431
7,2354,428
7,1290,420
7,418,410
7,994,404
7,6687,398
7,184,398
7,4239,387
7,40,374
7,628,370
7,1167,363
7,315,340
7,1503,335
7,651,332
7,2794,328
7,231,317
7,4506,314
7,1275,311
7,1140,310
7,678,298
7,2662,297
7,733,280
7,311,280
7,111,274
7,145,272
7,975,270
7,412,268
7,1621,266
7,2053,261
7,8449,261
8,21,186928
8,4,78214
8,25,71282
8,2,69601
8,1,62759
8,22,53797
8,62,23655
8,166,17572
8,235,14148
8,115,12059
8,320,10604
8,253,9337
8,215,9048
8,271,7955
8,522,7271
8,31,7185
8,263,7023
8,178,5389
8,363,4311
8,1673,4008
8,168,3622
8,262,3476
8,152,3284
8,427,3199
8,18,2860
8,315,2787
8,1004,2759
8,39,2713
8,511,2603
8,1542,2251
8,499,2178
8,314,2065
8,118,2032
8,12,1856
8,72,1773
8,3537,1747
8,179,1667
8,676,1614
8,319,1603
8,447,1467
8,930,1440
8,1359,1436
8,1018,1403
8,2320,1338
8,196,1329
8,2048,1327
8,566,1297
8,26,1292
8,10,1240
8,1615,1235
8,287,1178
8,632,1158
8,246,1132
8,1529,1084
8,307,1035
8,184,966
8,5776,939
8,703,938
8,132,931
8,51,926
8,936,923
8,780,912
8,50,905
8,3620,902
8,1771,884
8,886,874
8,380,861
8,123,825
8,1482,797
8,1454,783
8,310,774
8,1814,768
8,2074,763
8,52,758
8,3125,749
8,313,742
8,454,734
8,1212,725
8,6464,717
8,82,716
8,135,715
8,421,704
8,1581,694
8,2703,670
8,355,654
8,2058,647
8,2355,637
8,2483,636
8,2604,628
8,977,624
8,1377,624
8,1616,609
8,6418,606
8,3120,598
8,2651,597
8,465,584
8,830,581
8,2981,581
8,1630,576
8,500,575
9,21,45446
9,22,14140
9,4,13922
9,2,12866
9,1,12853
9,166,4674
9,115,3456
9,235,3167
9,271,3001
9,320,2304
9,253,2245
9,215,1863
9,522,1756
9,263,1469
9,178,1420
9,447,1363
9,307,996
9,427,987
9,363,927
9,287,903
9,39,828
9,262,770
9,168,740
9,380,725
9,152,666
9,72,662
9,31,661
9,511,610
9,1615,573
9,2320,570
9,6464,542
9,703,505
9,123,496
9,1542,459
9,310,457
9,12,439
9,319,407
9,936,403
9,962,338
9,1616,333
9,18,328
9,859,328
9,2241,318
9,2048,315
9,179,306
9,1454,286
9,315,286
9,30,281
9,499,278
9,11,269
9,1212,258
9,4878,258
9,196,246
9,10,235
9,82,224
9,6541,220
9,7049,215
9,780,214
9,170,205
9,221,204
9,112,202
9,169,187
9,145,181
9,184,174
9,1482,171
9,830,165
9,977,162
9,1174,152
9,63,146
9,2441,145
9,111,134
9,8045,133
9,132,132
9,3950,131
9,188,125
9,314,123
9,1460,120
9,29936,117
9,51,117
9,58,115
9,530,111
9,4225,105
9,421,97
9,6280,95
9,175,92
9,77,90
9,105,90
9,1834,89
9,1044,88
9,569,88
9,74,87
9,17491,87
9,22463,86
9,5045,85
9,974,82
9,8269,81
9,1027,79
9,2391,78
9,12700,77
9,186,76
10,4,11975
10,10,8731
10,66,6791
10,30,5358
10,58,4231
10,12,4149
10,186,3865
10,14,3729
10,262,3644
10,24,3300
10,201,3185
10,184,2936
10,179,2465
10,72,2400
10,36,2339
10,22,2259
10,82,2154
10,530,2152
10,51,2007
10,529,2002
10,21,1844
10,50,1788
10,185,1612
10,1,1535
10,15,1501
10,9,1442
10,188,1438
10,239,1388
10,111,1374
10,27,1343
10,172,1245
10,157,1231
10,145,1184
10,6,1177
10,391,1141
10,23,1114
10,178,960
10,962,952
10,169,952
10,170,942
10,28,931
10,95,930
10,2,885
10,132,847
10,974,796
10,263,765
10,1044,723
10,415,720
10,264,707
10,187,683
10,59,657
10,1174,652
10,94,638
10,130,634
10,3133,619
10,196,591
10,2349,569
10,1834,549
10,586,542
10,1414,528
10,568,511
10,1028,502
10,327,475
10,105,455
10,439,444
10,440,444
10,441,444
10,1482,440
10,152,439
10,1542,438
10,1874,424
10,215,424
10,80,415
10,2640,413
10,1528,412
10,3122,405
10,168,398
10,319,380
10,110,376
10,115,376
10,175,376
10,174,353
10,585,346
10,1777,345
10,52,320
10,1470,318
10,320,311
10,949,308
10,4104,302
10,1460,300
10,126,296
10,18,296
10,1620,295
10,253,290
10,314,288
10,761,285
10,830,281
10,1277,270
10,1212,264
10,2107,261
11,4,133069
11,11,90274
11,17,19925
11,72,17353
11,2,15929
11,1,15107
11,9,12494
11,155,12098
11,192,7310
11,38,5929
11,10,5827
11,166,4794
11,146,3775
11,66,3235
11,328,3014
11,450,2636
11,24,2556
11,386,2511
11,77,2139
11,82,2133
11,102,2011
11,133,1873
11,132,1810
11,31,1691
11,60,1664
11,380,1487
11,30,1398
11,45,1396
11,21,1359
11,605,1240
11,204,1193
11,157,1038
11,283,1015
11,40,1010
11,27,973
11,28,914
11,480,821
11,635,804
11,51,722
11,414,690
11,15,678
11,415,670
11,198,664
11,236,653
11,2794,653
11,50,648
11,115,627
11,925,579
11,1039,542
11,980,516
11,52,507
11,6,494
11,1167,437
11,315,409
11,2858,406
11,424,405
11,1283,395
11,1022,393
11,1909,346
11,1736,332
11,1249,316
11,3168,313
11,967,311
11,1124,287
11,323,287
11,377,259
11,36,258
11,4359,256
11,1368,253
11,2278,251
11,447,237
11,23,237
11,287,231
11,1083,229
11,145,224
11,3434,216
11,5548,198
11,178,182
11,1140,180
11,184,178
11,179,174
11,111,173
11,311,171
11,186,169
11,151,169
11,2749,162
11,322,154
11,296,150
11,1028,145
11,1377,144
11,2167,142
11,606,141
11,1728,140
11,199,135
11,1987,134
11,733,127
11,126,119
11,1550,117
11,16,111
11,36398,108
12,30,49133
12,14,42985
12,21,36331
12,10,28654
12,4,28434
12,66,17887
12,94,15820
12,93,12585
12,95,12247
12,6,10352
12,15,8885
12,179,8623
12,74,8095
12,36,6131
12,24,5866
12,82,5283
12,51,5083
12,1,5013
12,27,4584
12,50,4296
12,201,4295
12,391,4069
12,23,3826
12,16,3751
12,132,3613
12,1029,3240
12,2,2933
12,28,2854
12,111,2845
12,58,2506
12,691,2273
12,186,2185
12,858,2030
12,12,2010
12,145,1978
12,172,1952
12,441,1830
12,440,1829
12,439,1829
12,110,1800
12,455,1786
12,184,1780
12,72,1759
12,1044,1752
12,761,1740
12,239,1709
12,34,1709
12,738,1661
12,859,1651
12,188,1500
12,157,1493
12,126,1437
12,568,1410
12,73,1314
12,33,1293
12,105,1288
12,1740,1279
12,187,1217
12,1012,1183
12,949,1178
12,52,1176
12,61,1160
12,153,1153
12,327,1150
12,806,1135
12,185,1135
12,3133,973
12,267,954
12,178,942
12,2022,933
12,1540,929
12,1046,919
12,9,901
12,116,896
12,170,895
12,1545,894
12,112,889
12,586,888
12,974,879
12,870,834
12,587,804
12,1283,776
12,585,770
12,2716,748
12,2063,746
12,22,746
12,1824,740
12,530,731
12,413,676
12,1123,674
12,622,673
12,107,654
12,5240,643
12,1528,635
12,475,634
12,268,632
12,529,630
12,169,621
12,830,617
12,1277,616
13,30,22363
13,14,14300
13,4,11532
13,10,11471
13,21,10623
13,66,7061
13,179,4010
13,6,3460
13,36,3428
13,82,2677
13,15,2435
13,24,2260
13,201,2251
13,74,1927
13,51,1921
13,27,1859
13,391,1538
13,50,1474
13,58,1442
13,186,1393
13,691,1142
13,12,1141
13,1,1138
13,72,1112
13,94,1052
13,16,1034
13,23,1027
13,184,1022
13,157,954
13,9,901
13,93,885
13,95,866
13,28,866
13,2,849
13,105,824
13,859,822
13,132,809
13,187,792
13,1044,734
13,568,716
13,172,683
13,188,649
13,806,646
13,3133,623
13,185,598
13,441,598
13,439,597
13,440,597
13,1740,592
13,327,579
13,239,566
13,22,527
13,761,525
13,2022,525
13,33,515
13,178,509
13,830,495
13,111,487
13,1046,486
13,738,468
13,530,457
13,1029,456
13,962,455
13,974,433
13,949,412
13,126,401
13,73,394
13,267,383
13,2716,375
13,1567,372
13,7674,370
13,529,367
13,170,361
13,288,329
13,61,328
13,263,325
13,145,316
13,264,312
13,1545,307
13,2397,301
13,1283,300
13,262,297
13,1226,289
13,870,288
13,586,286
13,2063,284
13,1528,283
13,107,282
13,2185,281
13,153,281
13,1173,271
13,9660,249
13,106,241
13,5240,238
13,169,237
13,413,235
13,1174,233
13,52,231
13,1012,228
13,1540,228
14,21,141554
14,25,71281
14,4,64888
14,2,56724
14,1,49907
14,22,39683
14,62,23655
14,166,14864
14,235,10989
14,115,8694
14,320,8324
14,215,7192
14,253,7180
14,31,6556
14,263,5595
14,522,5542
14,271,4954
14,178,4106
14,1673,4006
14,363,3391
14,168,2910
14,262,2762
14,1004,2759
14,152,2631
14,18,2534
14,315,2502
14,427,2244
14,118,2032
14,511,2000
14,314,1944
14,39,1933
14,499,1917
14,1542,1820
14,3537,1747
14,676,1614
14,12,1489
14,930,1440
14,1359,1436
14,1018,1403
14,447,1388
14,179,1367
14,72,1328
14,566,1297
14,26,1292
14,319,1198
14,632,1158
14,246,1132
14,196,1111
14,1529,1084
14,10,1039
14,2048,1012
14,5776,939
14,3620,902
14,1615,893
14,132,886
14,1771,884
14,886,873
14,50,863
14,51,809
14,184,803
14,2320,768
14,2074,761
14,3125,749
14,313,742
14,52,739
14,1814,722
14,135,715
14,82,715
14,780,702
14,1581,689
14,454,674
14,2703,670
14,355,654
14,2058,646
14,1482,643
14,2483,636
14,2604,628
14,1377,624
14,421,613
14,6418,606
14,2355,600
14,3120,598
14,2981,581
14,1630,576
14,465,565
14,500,561
14,383,555
14,24,531
14,2651,530
14,977,522
14,936,520
14,1454,514
14,8269,491
14,2218,486
14,2465,484
14,501,483
14,1212,478
14,530,477
14,4685,472
14,2190,471
15,4,255404
15,11,152512
15,1,74241
15,2,73130
15,72,29332
15,155,19952
15,17,18451
15,9,17896
15,192,12122
15,133,11773
15,146,11179
15,38,11155
15,10,9541
15,328,6525
15,77,5666
15,166,5112
15,102,4891
15,66,4813
15,523,4557
15,45,4382
15,60,4243
15,3,3972
15,24,3924
15,386,3742
15,204,3167
15,82,3159
15,380,2991
15,283,2548
15,450,2485
15,132,2419
15,583,2375
15,157,1990
15,40,1974
15,1167,1862
15,27,1736
15,230,1721
15,28,1696
15,599,1607
15,19,1560
15,480,1479
15,605,1443
15,311,1419
15,323,1381
15,1377,1282
15,37,1204
15,236,1146
15,15,1116
15,30,1101
15,1909,1070
15,199,1065
15,198,1060
15,1039,1008
15,51,1003
15,2354,979
15,115,975
15,719,966
15,46,903
15,1140,888
15,575,879
15,50,846
15,1601,834
15,651,797
15,315,734
15,1283,656
15,6,636
15,385,633
15,1621,619
15,2794,598
15,4359,597
15,424,588
15,52,579
15,31,532
15,21,527
15,1290,496
15,831,462
15,2013,418
15,36,417
15,2550,412
15,3873,411
15,184,409
15,765,389
15,1915,387
15,1368,381
15,1201,379
15,1736,378
15,1028,373
15,4225,373
15,4786,367
15,1143,362
15,3168,354
15,497,349
15,377,332
15,570,329
15,23,324
15,5674,315
15,1236,312
15,414,308
15,6371,286
15,4659,279
15,6595,275
16,4,96892
16,11,33048
16,2,23525
16,1,16141
16,17,11098
16,52,8228
16,72,5864
16,166,5397
16,635,3774
16,155,3759
16,10,3272
16,9,3177
16,21,2750
16,90,2673
16,82,2514
16,91,2450
16,24,2446
16,192,2329
16,66,2326
16,132,2096
16,31,1684
16,27,1066
16,450,972
16,1053,903
16,467,840
16,980,804
16,2794,795
16,925,774
16,15,723
16,146,711
16,605,700
16,328,672
16,386,641
16,77,602
16,28,596
16,6,585
16,30,578
16,1022,576
16,157,576
16,38,559
16,480,552
16,50,538
16,45,530
16,51,502
16,415,480
16,92,476
16,287,433
16,3168,430
16,1017,406
16,178,402
16,1868,372
16,236,357
16,133,339
16,115,336
16,2666,330
16,4688,317
16,3342,317
16,1736,307
16,4004,307
16,198,283
16,447,278
16,2167,274
16,2321,269
16,195,265
16,44,264
16,36,262
16,794,259
16,204,246
16,145,240
16,23,236
16,377,234
16,2561,229
16,4078,229
16,967,224
16,111,224
16,756,221
16,2889,218
16,10754,205
16,283,201
16,288,196
16,2221,195
16,5712,189
16,5548,186
16,179,184
16,211,183
16,3450,181
16,184,181
16,186,180
16,1961,176
16,10037,174
16,1728,174
16,322,173
16,126,170
16,575,170
16,11930,166
16,2489,165
16,2567,163
16,1544,161
16,1222,158
16,1703,157
17,4,61287
17,2,14389
17,1,12555
17,11,8409
17,91,7964
17,21,5265
17,90,5160
17,17,4600
17,635,3385
17,31,3295
17,60,3272
17,166,2903
17,82,2671
17,10,2493
17,24,2262
17,132,2150
17,52,1671
17,66,1594
17,414,1292
17,46,1270
17,155,1233
17,72,1131
17,251,1101
17,250,1101
17,178,958
17,415,896
17,92,796
17,28,793
17,931,739
17,126,628
17,15,617
17,44,590
17,377,584
17,50,541
17,204,540
17,575,513
17,322,461
17,756,459
17,9,454
17,27,450
17,157,449
17,3982,447
17,3105,444
17,2867,429
17,3450,426
17,523,422
17,967,420
17,6,410
17,145,397
17,36,376
17,30,369
17,51,365
17,1736,358
17,447,357
17,1013,350
17,1222,331
17,287,320
17,23,269
17,2491,268
17,3730,266
17,1956,265
17,2567,254
17,1814,253
17,236,247
17,184,243
17,925,228
17,179,219
17,111,215
17,2093,215
17,186,214
17,4911,213
17,5017,205
17,3451,200
17,5548,192
17,1076,181
17,1482,177
17,2503,174
17,1206,170
17,45,166
17,1046,164
17,1368,164
17,7905,163
17,2489,162
17,33,162
17,127,161
17,109,151
17,985,147
17,1017,144
17,9030,143
17,2794,141
17,3430,135
17,6699,132
17,115,132
17,248,127
17,3917,121
17,363,121
17,5097,117
17,6908,116
17,2221,116
17,16,116
18,4,35101
18,21,17437
18,2,15284
18,31,14777
18,1,7852
18,10,3948
18,166,3726
18,60,2143
18,178,2027
18,66,1964
18,22,1527
18,24,1348
18,82,1158
18,320,1098
18,36,1020
18,18,908
18,447,887
18,522,845
18,215,822
18,132,814
18,2794,807
18,46,752
18,52,686
18,1814,624
18,126,613
18,235,573
18,315,542
18,157,540
18,314,531
18,184,524
18,499,478
18,1482,433
18,263,422
18,363,420
18,50,409
18,115,386
18,72,372
18,238,371
18,152,371
18,168,365
18,508,359
18,509,355
18,28,353
18,2167,349
18,15,346
18,421,345
18,2651,336
18,859,323
18,27,323
18,3168,319
18,1046,311
18,51,310
18,30,304
18,236,303
18,253,298
18,11,293
18,2355,280
18,1368,278
18,500,275
18,7869,271
18,327,265
18,427,250
18,6945,223
18,501,221
18,985,219
18,179,212
18,1226,206
18,186,200
18,2726,198
18,262,196
18,780,196
18,196,195
18,575,190
18,145,188
18,6,186
18,4307,181
18,3773,179
18,39,170
18,1771,169
18,1942,168
18,749,167
18,4093,166
18,4795,166
18,2190,163
18,1736,161
18,111,157
18,6074,150
18,479,148
18,5548,147
18,248,142
18,45,140
18,415,138
18,1542,138
18,1377,136
18,3037,135
18,3824,134
18,3571,133
18,977,133
18,5549,131
18,2867,129
19,14,23803
19,4,19415
19,74,14659
19,10,14461
19,30,11968
19,51,9254
19,50,8256
19,66,7520
19,52,6916
19,6,6211
19,24,5411
19,15,4504
19,23,4009
19,510,3792
19,956,2902
19,82,2797
19,94,2771
19,93,2438
19,132,2251
19,1,2247
19,95,2237
19,36,2152
19,34,1682
19,1202,1581
19,156,1568
19,179,1560
19,61,1549
19,27,1549
19,16,1458
19,21,1388
19,568,1236
19,73,1160
19,738,1155
19,111,1128
19,28,1011
19,1277,1005
19,761,989
19,524,980
19,126,980
19,3160,952
19,9,903
19,172,894
19,33,891
19,1029,861
19,157,838
19,391,824
19,2,799
19,1353,737
19,949,726
19,455,660
19,1220,651
19,112,606
19,446,573
19,116,535
19,859,526
19,1540,520
19,1012,517
19,2928,500
19,145,498
19,153,498
19,173,493
19,110,451
19,327,440
19,105,432
19,167,421
19,362,412
19,1907,408
19,201,407
19,587,403
19,85,401
19,178,399
19,379,394
19,239,390
19,985,365
19,437,362
19,191,353
19,2145,345
19,1539,330
19,1582,328
19,165,328
19,475,322
19,320,318
19,1583,315
19,413,296
19,992,295
19,1145,295
19,622,292
19,296,289
19,58,277
19,2142,258
19,3944,248
19,377,248
19,4254,244
19,1934,242
19,1283,242
19,17743,238
19,1393,238
19,107,237
19,376,234
19,1911,229
20,4,11347
20,14,8568
20,74,8087
20,10,7791
20,66,4757
20,51,4167
20,30,3563
20,6,3504
20,50,3426
20,24,3341
20,52,2949
20,15,2492
20,23,2359
20,510,1610
20,1,1294
20,36,1292
20,132,1113
20,956,999
20,27,933
20,9,900
20,73,840
20,568,783
20,111,727
20,179,723
20,16,710
20,21,696
20,157,666
20,761,634
20,61,633
20,82,610
20,95,607
20,738,558
20,1202,555
20,94,550
20,524,532
20,172,529
20,28,507
20,126,497
20,949,436
20,156,424
20,2,410
20,1907,407
20,1012,405
20,1353,387
20,116,358
20,93,356
20,85,352
20,391,327
20,110,325
20,1277,316
20,173,310
20,145,309
20,34,302
20,33,294
20,3160,287
20,327,282
20,362,270
20,153,265
20,105,258
20,1220,248
20,1540,243
20,201,238
20,437,238
20,167,227
20,2928,227
20,84,217
20,1029,208
20,379,206
20,4254,205
20,178,191
20,112,187
20,587,186
20,446,186
20,191,177
20,883,176
20,165,171
20,296,171
20,377,164
20,2142,163
20,376,159
20,622,159
20,1393,156
20,851,153
20,239,152
20,2123,149
20,828,148
20,1539,146
20,413,144
20,992,143
20,372,138
20,700,138
20,1911,138
20,859,128
20,2145,127
20,2093,127
20,926,126
20,455,126
20,4420,126
20,3337,125
20,2324,123
21,74,34818
21,10,8805
21,4,8361
21,15,6298
21,85,5938
21,66,4468
21,111,3571
21,23,3122
21,16,3007
21,145,2406
21,95,2235
21,24,2169
21,6,2163
21,401,2086
21,738,1828
21,27,1651
21,224,1445
21,73,1432
21,1175,1310
21,112,1306
21,110,1258
21,94,1216
21,153,1214
21,126,1170
21,21,1165
21,1,1122
21,84,1101
21,132,1044
21,28,1035
21,9,899
21,1566,848
21,51,843
21,116,811
21,828,792
21,949,745
21,432,709
21,372,694
21,191,689
21,172,688
21,14,665
21,3224,634
21,700,598
21,587,556
21,718,543
21,30,542
21,378,537
21,858,536
21,568,524
21,361,522
21,82,497
21,1540,482
21,827,466
21,50,450
21,268,405
21,36,400
21,761,398
21,402,371
21,2093,366
21,93,362
21,2,354
21,178,338
21,883,316
21,356,315
21,3806,311
21,413,307
21,758,306
21,2143,296
21,622,275
21,2870,274
21,437,271
21,3103,268
21,778,256
21,850,254
21,167,242
21,1831,240
21,649,240
21,362,230
21,992,229
21,8284,218
21,1672,216
21,561,210
21,2123,193
21,1036,191
21,6718,189
21,173,189
21,487,188
21,5231,188
21,86,188
21,1296,187
21,871,186
21,194,185
21,1901,182
21,571,175
21,5890,169
21,1522,169
21,239,162
21,157,155
21,373,152
21,223,151
21,181,150
22,74,21330
22,10,6542
22,4,6418
22,15,4513
22,85,3894
22,66,3101
22,23,2377
22,111,2274
22,16,2135
22,6,1718
22,24,1607
22,145,1564
22,401,1517
22,738,1393
22,95,1387
22,27,1089
22,73,1068
22,21,1030
22,84,939
22,1,917
22,9,899
22,110,883
22,132,864
22,126,860
22,153,797
22,112,788
22,28,759
22,224,728
22,94,693
22,1175,648
22,116,637
22,14,635
22,51,617
22,949,563
22,828,557
22,1566,508
22,82,497
22,568,478
22,172,474
22,3224,472
22,30,442
22,718,423
22,827,411
22,191,403
22,1540,386
22,372,384
22,587,377
22,378,368
22,432,368
22,361,347
22,858,343
22,178,337
22,761,332
22,700,328
22,36,315
22,883,310
22,2093,290
22,50,266
22,402,262
22,93,258
22,3103,252
22,268,234
22,2,226
22,356,222
22,3806,220
22,2143,220
22,2870,213
22,778,199
22,413,191
22,622,189
22,6718,187
22,1831,177
22,8284,173
22,992,166
22,850,166
22,362,164
22,2123,160
22,571,158
22,437,158
22,561,157
22,157,155
22,649,155
22,194,155
22,86,154
22,758,151
22,223,151
22,1036,146
22,167,143
22,1901,141
22,1296,136
22,173,136
22,1672,129
22,2849,118
22,8589,115
22,686,110
22,12236,108
22,487,107
22,67,107
22,745,104
22,798,104
23,21,10823
23,14,10131
23,4,10093
23,30,10074
23,10,8196
23,94,5641
23,66,5635
23,95,5180
23,93,4928
23,6,3512
23,15,2774
23,74,2333
23,132,1779
23,1,1658
23,179,1610
23,858,1587
23,24,1578
23,82,1442
23,23,1334
23,51,1115
23,16,1089
23,111,1083
23,36,1055
23,1029,1005
23,50,965
23,145,949
23,27,917
23,9,901
23,391,793
23,2,779
23,201,656
23,761,654
23,455,618
23,126,597
23,738,583
23,110,556
23,157,551
23,34,546
23,239,487
23,949,482
23,28,460
23,172,445
23,691,417
23,73,386
23,1012,381
23,188,365
23,1540,341
23,153,335
23,587,327
23,12,323
23,116,319
23,568,309
23,439,302
23,440,302
23,441,302
23,913,292
23,327,279
23,33,269
23,1397,256
23,61,252
23,2308,252
23,1545,237
23,1122,229
23,871,228
23,475,228
23,586,225
23,585,221
23,1740,220
23,1044,217
23,10097,214
23,1935,213
23,778,211
23,859,211
23,798,208
23,870,207
23,3121,205
23,578,205
23,362,204
23,622,203
23,184,203
23,768,201
23,2281,196
23,58,196
23,1246,194
23,1283,188
23,52,186
23,8417,185
23,1667,183
23,437,183
23,580,181
23,1116,180
23,267,179
23,268,179
23,413,178
23,2123,175
23,3133,175
23,187,174
23,375,170
23,974,169
23,3948,166
24,74,30257
24,4,15690
24,10,13653
24,66,7720
24,15,6664
24,6,4354
24,23,4064
24,51,3606
24,24,3570
24,50,3236
24,30,3189
24,21,3159
24,14,3039
24,73,2877
24,111,2704
24,52,2648
24,16,2364
24,1,2300
24,738,1827
24,36,1731
24,145,1659
24,116,1623
24,132,1518
24,85,1517
24,95,1476
24,761,1386
24,27,1190
24,172,1177
24,110,1121
24,28,1120
24,94,1036
24,126,1010
24,2,992
24,9,899
24,153,870
24,1540,674
24,173,656
24,949,655
24,112,640
24,437,623
24,401,612
24,82,608
24,167,572
24,568,553
24,851,536
24,3121,494
24,870,464
24,718,445
24,3224,424
24,61,420
24,858,418
24,93,418
24,413,417
24,2093,416
24,378,413
24,178,394
24,84,385
24,372,379
24,562,364
24,191,364
24,296,363
24,883,359
24,587,353
24,327,333
24,239,330
24,1175,327
24,700,313
24,157,309
24,194,279
24,758,271
24,482,270
24,1393,270
24,391,267
24,778,265
24,2154,260
24,3806,252
24,2870,251
24,361,248
24,1145,247
24,622,245
24,356,242
24,828,242
24,1831,240
24,379,238
24,268,237
24,2324,237
24,224,231
24,6806,231
24,402,225
24,295,225
24,4629,220
24,992,220
24,4972,218
24,985,216
24,524,211
24,649,193
24,2145,188
24,561,186
24,1360,185
24,105,184
25,74,13798
25,4,10362
25,10,8553
25,66,4379
25,6,2891
25,15,2667
25,51,2411
25,30,2313
25,14,2191
25,50,2169
25,52,2012
25,21,1804
25,24,1574
25,73,1420
25,111,1304
25,23,1242
25,36,1176
25,1,1139
25,761,904
25,95,902
25,9,899
25,16,737
25,116,718
25,132,683
25,145,654
25,85,640
25,172,637
25,82,603
25,126,577
25,94,539
25,2,538
25,738,511
25,27,501
25,3121,494
25,870,458
25,110,455
25,153,430
25,173,419
25,437,389
25,949,369
25,562,364
25,851,345
25,28,336
25,167,320
25,157,305
25,568,304
25,112,299
25,93,278
25,61,267
25,2154,260
25,296,247
25,1145,247
25,858,241
25,413,226
25,327,222
25,391,210
25,84,209
25,401,198
25,2324,197
25,372,195
25,178,195
25,239,188
25,828,188
25,1393,187
25,1540,179
25,2093,176
25,3224,173
25,105,169
25,1175,169
25,700,166
25,985,163
25,379,163
25,587,157
25,3806,157
25,1539,150
25,4629,149
25,224,143
25,2145,141
25,191,140
25,295,137
25,179,137
25,2123,134
25,482,133
25,992,129
25,859,129
25,378,119
25,1911,115
25,4508,113
25,649,107
25,67,107
25,850,106
25,1360,103
25,377,103
25,334,102
25,524,102
25,107,100
25,1283,99
25,376,98
25,758,98
25,412,97
26,30,13332
26,4,8583
26,21,8191
26,14,7907
26,10,7321
26,94,5167
26,66,4851
26,95,4174
26,93,3812
26,15,2907
26,6,2853
26,179,2139
26,74,1976
26,24,1858
26,82,1764
26,132,1616
26,23,1292
26,1,1257
26,36,1192
26,16,1127
26,111,1075
26,51,1069
26,201,1013
26,50,986
26,1029,911
26,9,901
26,110,829
26,58,736
26,157,715
26,391,702
26,439,701
26,440,701
26,441,701
26,145,672
26,761,629
26,186,620
26,691,558
26,27,536
26,239,533
26,858,522
26,72,512
26,172,509
26,455,500
26,1044,455
26,870,453
26,184,450
26,267,442
26,738,427
26,12,421
26,2,420
26,170,417
26,2063,404
26,949,404
26,1046,392
26,116,389
26,73,381
26,153,379
26,1012,375
26,5240,367
26,126,366
26,188,365
26,28,360
26,327,345
26,806,332
26,33,329
26,1540,319
26,913,309
26,586,305
26,185,299
26,622,291
26,187,281
26,585,275
26,3121,274
26,115,246
26,105,244
26,1740,237
26,268,236
26,587,235
26,778,231
26,34,230
26,568,228
26,362,224
26,169,222
26,1528,200
26,861,192
26,4523,186
26,61,185
26,2145,180
26,1283,176
26,530,174
26,798,172
26,859,166
26,22,165
26,5974,162
26,529,162
26,262,162
26,379,161
26,1907,159
26,571,158
26,52,156
27,9,41119
27,4,23914
27,1,10874
27,2,9399
27,24,5488
27,82,3956
27,66,2995
27,51,2966
27,10,2813
27,166,2732
27,50,2571
27,391,2337
27,236,2335
27,21,2327
27,132,2129
27,390,2118
27,157,1994
27,178,1991
27,422,1827
27,323,1724
27,27,1488
27,28,1359
27,30,1359
27,1482,1259
27,417,1151
27,67,1086
27,418,1047
27,15,907
27,476,745
27,1368,734
27,55,664
27,35,614
27,36,609
27,415,606
27,480,582
27,6,573
27,23,557
27,52,549
27,68,542
27,1456,541
27,3583,541
27,1915,537
27,414,529
27,2794,515
27,172,510
27,3183,509
27,184,479
27,239,447
27,133,429
27,2130,384
27,568,371
27,5351,364
27,2233,345
27,419,327
27,174,324
27,831,313
27,1073,311
27,315,311
27,145,272
27,179,271
27,851,268
27,2278,252
27,3484,249
27,1277,246
27,111,245
27,7672,239
27,1730,236
27,447,232
27,421,232
27,91,223
27,701,217
27,1375,199
27,102,194
27,606,194
27,1404,193
27,4599,188
27,5350,186
27,852,183
27,8496,178
27,3168,172
27,60,168
27,5872,167
27,175,167
27,126,166
27,331,162
27,4661,160
27,3194,159
27,7918,159
27,16,156
27,1444,156
27,3182,148
27,377,142
27,1834,140
27,3911,138
27,1909,137
27,2178,135
27,385,131
27,76,131
27,1027,131
27,19,130
28,14,15249
28,4,12657
28,10,9715
28,30,8925
28,74,6780
28,51,5265
28,50,4845
28,66,4701
28,6,4031
28,52,3982
28,24,2714
28,82,2686
28,15,2595
28,94,2431
28,93,2251
28,510,2182
28,23,2114
28,956,1903
28,95,1853
28,132,1473
28,36,1412
28,34,1380
28,1,1304
28,156,1144
28,1202,1027
28,16,987
28,61,916
28,9,903
28,179,844
28,21,809
28,27,790
28,738,736
28,761,697
28,1277,691
28,126,672
28,3160,665
28,1029,653
28,28,650
28,568,626
28,33,597
28,111,576
28,455,538
28,949,537
28,391,492
28,73,482
28,157,480
28,2,448
28,524,448
28,172,432
28,112,424
28,1220,403
28,859,400
28,446,387
28,1353,350
28,985,336
28,1540,335
28,153,331
28,145,327
28,1582,318
28,327,315
28,1583,309
28,239,274
28,2928,273
28,587,271
28,475,260
28,167,253
28,58,252
28,116,244
28,320,243
28,45,221
28,379,221
28,2145,218
28,178,215
28,992,214
28,173,205
28,437,205
28,439,204
28,440,204
28,441,204
28,1145,197
28,1116,196
28,17743,191
28,1539,190
28,622,184
28,1393,176
28,191,176
28,2123,176
28,105,174
28,413,173
28,201,169
28,4972,168
28,858,168
28,2281,164
28,296,162
28,362,161
28,3944,160
28,649,158
28,1911,157
28,165,157
28,85,155
29,9,89421
29,4,18740
29,67,7864
29,1,7575
29,2,7367
29,10,5867
29,66,5248
29,68,4992
29,24,4464
29,166,3467
29,82,2610
29,157,2367
29,851,1977
29,27,1894
29,36,1717
29,51,1509
29,236,1492
29,30,1436
29,28,1417
29,21,1198
29,15,1149
29,132,1127
29,50,1117
29,476,998
29,391,872
29,23,844
29,172,817
29,55,813
29,174,787
29,6,686
29,52,683
29,1482,681
29,1368,655
29,178,648
29,239,628
29,422,601
29,480,581
29,35,579
29,390,566
29,859,451
29,568,430
29,606,426
29,179,422
29,8172,366
29,1915,343
29,14,327
29,415,308
29,2794,279
29,1456,274
29,3911,273
29,417,269
29,924,259
29,145,254
29,3468,244
29,323,231
29,184,224
29,151,222
29,447,222
29,133,221
29,1730,221
29,111,221
29,1375,218
29,377,211
29,1027,198
29,16,188
29,1736,188
29,2339,186
29,413,186
29,211,184
29,1261,180
29,418,178
29,148,178
29,2106,176
29,412,175
29,7638,175
29,312,175
29,479,174
29,1277,166
29,905,166
29,7997,165
29,2698,164
29,1444,162
29,288,160
29,327,159
29,73,156
29,105,150
29,6958,148
29,126,148
29,1696,147
29,4077,146
29,701,142
29,76,139
29,2853,138
29,5922,137
29,1073,137
29,85,131
29,421,130
29,1565,126
29,3183,125
29,5872,125
30,4,15873
30,10,12133
30,30,11962
30,66,9934
30,36,4131
30,14,2567
30,24,2493
30,58,2171
30,201,2135
30,179,2064
30,6,1949
30,12,1930
30,27,1791
30,184,1746
30,51,1732
30,21,1641
30,1,1599
30,186,1519
30,2,1503
30,82,1454
30,50,1366
30,185,1363
30,15,1316
30,72,1305
30,187,1266
30,157,1111
30,9,1068
30,28,1043
30,239,956
30,172,945
30,178,931
30,22,913
30,262,909
30,1044,874
30,530,831
30,23,829
30,327,796
30,529,783
30,391,723
30,132,722
30,568,708
30,415,669
30,105,667
30,859,656
30,962,606
30,188,564
30,52,528
30,974,496
30,2698,461
30,1834,458
30,130,458
30,1174,438
30,170,408
30,169,400
30,2349,390
30,263,383
30,238,374
30,264,364
30,761,364
30,806,361
30,74,351
30,586,330
30,1528,299
30,168,298
30,59,290
30,1173,288
30,1046,281
30,949,278
30,106,277
30,16,264
30,413,262
30,830,257
30,126,255
30,215,255
30,3133,239
30,211,234
30,1482,232
30,320,229
30,1283,220
30,175,210
30,585,210
30,115,208
30,288,205
30,4732,202
30,2381,202
30,1539,199
30,452,195
30,1777,195
30,1028,194
30,963,194
30,96,192
30,1460,180
30,1875,179
30,107,179
30,174,177
30,153,176
30,319,174
30,437,171
30,10209,169
30,755,164
31,74,16714
31,4,9756
31,10,8046
31,66,5121
31,15,4859
31,23,3124
31,6,2508
31,24,2373
31,16,1949
31,73,1873
31,111,1592
31,21,1501
31,738,1444
31,1,1393
31,51,1257
31,145,1199
31,116,1139
31,50,1093
31,132,1089
31,30,1088
31,85,1045
31,36,972
31,28,908
31,9,899
31,761,867
31,14,851
31,27,823
31,95,770
31,110,674
31,126,659
31,94,659
31,52,640
31,172,620
31,153,616
31,1540,576
31,949,530
31,2,511
31,82,502
31,401,445
31,718,400
31,112,391
31,3224,384
31,883,335
31,167,334
31,437,309
31,378,308
31,2093,305
31,372,299
31,93,296
31,568,286
31,587,264
31,173,262
31,700,248
31,2870,239
31,84,239
31,858,236
31,356,230
31,191,225
31,778,223
31,194,220
31,413,220
31,758,219
31,402,217
31,268,217
31,1175,217
31,327,209
31,361,208
31,851,208
31,178,204
31,1831,202
31,1393,191
31,622,190
31,487,183
31,157,179
31,482,174
31,239,173
31,992,173
31,6806,167
31,8284,160
31,296,153
31,561,153
31,61,153
31,1036,151
31,3806,151
31,871,145
31,1074,144
31,2123,143
31,4972,134
31,1672,129
31,649,123
31,1026,120
31,1194,120
31,4629,119
31,362,115
31,1426,114
31,926,113
31,3103,111
31,1479,109
31,524,109
31,67,107
32,4,13837
32,10,12501
32,14,10700
32,21,8359
32,66,7745
32,30,7369
32,94,5254
32,93,4217
32,6,4177
32,95,3701
32,15,3130
32,1,2654
32,74,2363
32,36,2328
32,27,1691
32,16,1607
32,82,1457
32,28,1450
32,24,1363
32,51,1292
32,23,1252
32,858,1184
32,2,1125
32,391,1088
32,179,1043
32,50,906
32,9,901
32,761,882
32,1029,872
32,111,844
32,34,812
32,132,786
32,52,682
32,1123,674
32,738,665
32,112,632
32,1824,583
32,145,549
32,327,544
32,1277,544
32,455,541
32,949,538
32,568,530
32,859,509
32,157,475
32,126,472
32,73,439
32,172,437
32,1012,423
32,110,420
32,61,395
32,187,395
32,201,375
32,153,366
32,510,363
32,772,357
32,6953,350
32,1044,346
32,3327,340
32,768,322
32,1124,315
32,1540,295
32,239,281
32,1545,275
32,992,265
32,691,256
32,870,247
32,587,240
32,437,232
32,4359,232
32,622,232
32,1740,230
32,439,229
32,440,229
32,441,229
32,1173,227
32,446,224
32,985,223
32,1397,221
32,116,206
32,580,204
32,413,197
32,475,197
32,861,194
32,178,194
32,268,192
32,167,189
32,33,189
32,331,189
32,267,185
32,2123,184
32,296,180
32,379,179
32,156,172
32,871,170
32,561,156
32,974,154
32,96,153
32,798,153
32,2022,148
33,4,2887
33,10,1013
33,9,898
33,153,674
33,353,582
33,6,516
33,82,496
33,85,493
33,15,440
33,95,380
33,73,334
33,66,321
33,111,288
33,126,280
33,74,228
33,112,215
33,110,212
33,401,196
33,93,183
33,1175,170
33,145,168
33,94,162
33,132,156
33,24,156
33,1296,152
33,23,146
33,194,132
33,157,115
33,67,107
33,21,106
33,203,102
33,84,100
33,174,86
33,814,84
33,68,82
33,27,79
33,798,77
33,1901,76
33,578,73
33,1,69
33,2093,68
33,858,66
33,587,64
33,224,53
33,5372,52
33,1339,51
33,870,51
33,3148,50
33,3624,46
33,949,46
33,30,45
33,2,44
33,1269,43
33,28,41
33,513,41
33,452,39
33,1566,37
33,738,37
33,758,36
33,2854,36
33,362,33
33,12236,32
33,3262,30
33,12900,30
33,378,29
33,167,29
33,172,29
33,9353,28
33,761,27
33,487,27
33,16,27
33,561,25
33,815,25
33,1393,24
33,1122,23
33,2185,23
33,828,23
33,1131,23
33,927,22
33,86,20
33,883,20
33,361,20
33,51,19
33,9057,19
33,181,18
33,649,18
33,50,18
33,686,18
33,1397,18
33,851,17
33,191,17
33,616,17
33,432,17
33,193,17
33,2688,17
33,1010,16
33,294,16
33,2504,16
33,3137,15
33,2324,14
34,4,3071
34,10,1821
34,85,1429
34,153,1229
34,353,966
34,9,898
34,15,817
34,6,693
34,1175,642
34,401,633
34,112,614
34,73,572
34,126,556
34,82,496
34,111,431
34,66,415
34,95,395
34,84,357
34,145,297
34,74,234
34,110,230
34,93,183
34,24,181
34,1296,178
34,132,165
34,94,163
34,194,155
34,23,151
34,203,151
34,1901,135
34,858,134
34,224,132
34,1339,130
34,27,126
34,2093,126
34,587,122
34,157,115
34,21,113
34,67,107
34,3624,102
34,4228,101
34,949,93
34,738,91
34,1,90
34,814,89
34,174,86
34,5372,85
34,28,83
34,68,82
34,758,80
34,798,77
34,2854,77
34,1269,75
34,16,74
34,578,73
34,452,73
34,172,66
34,2,66
34,1131,65
34,167,65
34,513,57
34,561,57
34,3262,56
34,432,55
34,870,53
34,3148,50
34,649,47
34,378,47
34,30,45
34,828,41
34,1566,40
34,12236,39
34,883,38
34,686,37
34,487,36
34,191,36
34,761,35
34,362,34
34,1393,34
34,181,33
34,927,33
34,1046,33
34,2143,32
34,12900,32
34,1010,30
34,1652,29
34,3806,28
34,9353,28
34,86,27
34,3137,27
34,113,26
34,815,25
34,4855,25
34,4462,25
34,294,24
34,1122,23
34,2185,23
34,8313,23
34,968,22
34,2688,22
35,10,7822
35,4,6037
35,15,3405
35,153,3355
35,66,2541
35,74,2417
35,85,2251
35,111,1702
35,126,1569
35,6,1302
35,145,1233
35,73,1212
35,353,1125
35,95,1050
35,16,1022
35,9,898
35,401,843
35,94,765
35,432,672
35,112,651
35,949,639
35,2093,611
35,738,505
35,82,496
35,1,491
35,84,475
35,93,449
35,758,428
35,587,411
35,167,399
35,1175,359
35,402,355
35,24,343
35,132,331
35,172,319
35,1901,317
35,372,312
35,224,307
35,110,293
35,2143,292
35,858,288
35,2123,272
35,761,268
35,181,268
35,219,267
35,27,235
35,21,222
35,23,219
35,3806,217
35,203,216
35,194,214
35,1296,198
35,2,196
35,700,194
35,362,184
35,378,184
35,513,183
35,1269,180
35,8313,176
35,1672,174
35,704,168
35,649,155
35,561,151
35,3339,148
35,5257,145
35,798,143
35,413,140
35,1652,138
35,3262,137
35,157,130
35,373,126
35,850,122
35,968,120
35,4146,115
35,814,109
35,361,108
35,67,107
35,452,106
35,2949,104
35,3137,102
35,437,102
35,5408,101
35,1944,101
35,4196,99
35,686,99
35,5890,95
35,4462,94
35,2594,91
35,487,91
35,28,90
35,828,88
35,86,88
35,294,87
35,1566,87
35,268,86
35,174,86
35,2429,85
35,979,84
35,630,83
35,68,82
36,10,5149
36,4,5005
36,153,2589
36,15,2365
36,66,1830
36,85,1355
36,126,1062
36,111,1000
36,353,957
36,73,926
36,6,911
36,9,897
36,145,687
36,74,629
36,95,596
36,94,591
36,16,580
36,401,569
36,82,496
36,949,443
36,112,442
36,2093,435
36,84,351
36,1,345
36,738,340
36,93,332
36,432,332
36,758,302
36,167,297
36,587,279
36,24,276
36,219,254
36,132,243
36,1175,237
36,402,217
36,181,206
36,110,198
36,27,194
36,2143,193
36,858,192
36,761,188
36,1901,188
36,194,185
36,2123,181
36,224,171
36,23,166
36,203,152
36,3806,149
36,372,149
36,21,146
36,1296,145
36,798,143
36,172,139
36,2,131
36,378,128
36,362,127
36,157,122
36,1672,121
36,704,117
36,5257,113
36,8313,113
36,561,113
36,3339,110
36,67,107
36,649,107
36,513,106
36,1652,106
36,700,102
36,1269,93
36,487,91
36,968,87
36,174,86
36,28,84
36,1944,84
36,68,82
36,86,82
36,452,80
36,979,79
36,3262,79
36,850,77
36,616,77
36,10557,76
36,686,75
36,4146,75
36,814,74
36,4228,73
36,3137,73
36,578,73
36,2594,71
36,1566,69
36,4196,69
36,828,68
36,413,68
36,14009,66
36,4462,64
36,294,62
36,5408,61
36,3565,59
36,48,57
36,5890,56
37,74,13797
37,4,5639
37,10,4457
37,15,2746
37,85,2620
37,66,2484
37,111,1800
37,95,1360
37,16,1276
37,145,1186
37,6,1105
37,23,1077
37,24,928
37,9,898
37,224,819
37,1175,811
37,94,759
37,401,752
37,112,711
37,27,678
37,738,662
37,153,618
37,110,581
37,73,577
37,126,552
37,82,496
37,1566,437
37,949,417
37,21,405
37,432,399
37,132,396
37,28,364
37,372,348
37,84,330
37,1,328
37,858,319
37,378,303
37,700,301
37,191,290
37,51,283
37,587,279
37,172,275
37,93,272
37,828,264
37,116,251
37,758,242
37,361,236
37,268,232
37,3224,226
37,36,204
37,50,202
37,2093,197
37,30,191
37,761,188
37,3806,176
37,2,172
37,718,170
37,437,164
37,402,163
37,2123,150
37,167,147
37,157,146
37,850,145
37,622,144
37,1540,138
37,413,135
37,992,127
37,871,126
37,649,121
37,1012,120
37,1672,120
37,194,114
37,5231,112
37,1010,107
37,67,107
37,2143,106
37,5890,105
37,356,104
37,561,100
37,870,99
37,827,98
37,1831,95
37,568,95
37,362,92
37,757,92
37,181,90
37,6777,90
37,5397,89
37,2870,88
37,373,88
37,1522,88
37,452,86
37,174,86
37,3733,85
37,12236,84
37,798,83
37,68,82
37,487,81
37,239,81
37,353,80
38,4,2764
38,9,896
38,82,496
38,6,416
38,95,361
38,74,215
38,111,195
38,15,177
38,10,163
38,94,157
38,93,151
38,24,148
38,66,142
38,23,138
38,145,133
38,132,132
38,110,127
38,814,121
38,153,119
38,157,111
38,172,108
38,67,107
38,174,86
38,68,82
38,353,80
38,798,77
38,1014,77
38,73,76
38,578,73
38,2,69
38,1,63
38,21,59
38,126,54
38,870,50
38,3148,50
38,30,44
38,16,40
38,9991,31
38,378,28
38,584,27
38,27,23
38,267,23
38,1122,23
38,4576,22
38,51,19
38,50,18
38,1397,18
38,28,18
38,851,17
38,239,17
38,5301,16
38,7962,14
38,3966,14
38,2324,14
38,30654,13
38,50170,13
38,580,13
38,815,13
38,14828,13
38,622,12
38,184,11
38,178,10
38,4738,9
38,896,9
38,15752,9
38,15005,9
38,36994,9
38,362,9
38,1246,9
38,410,8
38,1010,8
38,738,8
38,575,8
38,2504,8
38,3327,8
38,850,8
38,331,7
38,5115,7
38,5872,7
38,1526,7
38,4215,7
38,2385,7
38,421,6
38,13093,6
38,2332,6
38,1635,6
38,80090,6
38,417,6
38,8187,6
38,13264,6
38,179,6
38,1917,6
38,5465,6
38,4010,6
38,1959,6
38,757,6
38,28588,6
38,2651,6
38,81332,6
38,2240,5
39,4,2768
39,9,896
39,6,528
39,82,496
39,95,361
39,74,215
39,111,210
39,15,182
39,24,164
39,94,157
39,93,154
39,10,152
39,66,138
39,132,132
39,153,131
39,23,130
39,145,130
39,157,111
39,67,107
39,814,106
39,110,100
39,9991,97
39,353,92
39,174,86
39,68,82
39,2,79
39,798,77
39,578,73
39,1,73
39,73,72
39,172,70
39,21,60
39,1014,57
39,126,56
39,870,50
39,3148,50
39,30,44
39,267,36
39,112,25
39,2240,25
39,27,23
39,1122,23
39,622,21
39,239,20
39,858,20
39,51,19
39,28,19
39,16,19
39,50,18
39,1397,18
39,3966,18
39,378,18
39,851,17
39,14828,17
39,5301,17
39,85,16
39,584,15
39,452,14
39,4010,14
39,1393,14
39,2324,13
39,3493,13
39,13494,13
39,733,12
39,7360,12
39,580,12
39,7533,11
39,178,10
39,184,10
39,757,9
39,575,9
39,36994,9
39,1010,9
39,4738,9
39,15752,9
39,1246,9
39,13435,9
39,47155,9
39,3348,9
39,1289,8
39,1574,8
39,15005,8
39,2120,8
39,410,8
39,738,8
39,896,8
39,4629,8
39,3327,8
39,3951,8
39,815,7
39,5872,7
39,1526,7
39,992,7
39,1635,7
39,7962,7
39,2385,7
39,421,6
39,2651,6
39,28588,6
39,1540,6
40,4,2709
40,9,896
40,82,496
40,6,472
40,95,361
40,74,216
40,111,193
40,15,161
40,94,157
40,93,151
40,66,145
40,23,144
40,24,138
40,132,133
40,145,114
40,157,111
40,67,107
40,10,101
40,110,98
40,174,86
40,68,82
40,798,77
40,112,74
40,1175,73
40,578,73
40,1,63
40,21,63
40,9991,56
40,126,51
40,870,51
40,73,51
40,3148,50
40,153,50
40,30,44
40,2,44
40,172,31
40,353,28
40,622,27
40,5301,23
40,1122,23
40,27,22
40,16,22
40,1652,21
40,267,21
40,14828,21
40,452,20
40,3966,20
40,51,19
40,28,18
40,1397,18
40,50,18
40,814,18
40,851,17
40,239,16
40,7533,16
40,657,15
40,2504,15
40,580,14
40,1393,14
40,2324,13
40,85,12
40,992,12
40,378,12
40,1271,11
40,4010,11
40,178,10
40,757,10
40,584,9
40,1635,9
40,15752,9
40,36994,9
40,1246,9
40,575,9
40,361,8
40,1010,8
40,3327,8
40,410,8
40,4738,8
40,3138,7
40,1526,7
40,5872,7
40,4546,7
40,184,7
40,2385,7
40,1014,7
40,8187,6
40,417,6
40,13264,6
40,1917,6
40,3348,6
40,179,6
40,1289,6
40,8447,6
40,5465,6
40,81332,6
40,28588,6
40,10752,6
40,2651,6
40,2332,6
40,13281,6
41,4,2675
41,9,896
41,82,496
41,6,376
41,95,361
41,111,224
41,74,217
41,24,163
41,85,158
41,94,157
41,93,151
41,66,146
41,132,133
41,15,133
41,23,130
41,10,120
41,157,111
41,67,107
41,145,105
41,153,101
41,110,98
41,401,93
41,1175,90
41,174,86
41,68,82
41,798,77
41,172,74
41,578,73
41,21,70
41,73,66
41,1,63
41,2854,62
41,353,62
41,2,51
41,870,51
41,1014,51
41,3148,50
41,30,44
41,84,40
41,126,33
41,194,24
41,1122,23
41,27,23
41,112,22
41,4576,21
41,378,21
41,51,19
41,28,19
41,50,18
41,1397,18
41,16,17
41,851,17
41,1202,16
41,686,16
41,858,15
41,2022,14
41,580,14
41,859,13
41,2324,13
41,1296,12
41,3624,12
41,86,12
41,992,11
41,224,11
41,178,10
41,738,10
41,191,10
41,5372,9
41,203,9
41,36994,9
41,1246,9
41,432,9
41,193,9
41,622,9
41,1901,9
41,1481,9
41,1393,9
41,1339,9
41,587,9
41,15752,9
41,3327,8
41,410,8
41,575,8
41,39026,8
41,513,8
41,7360,8
41,4738,8
41,184,8
41,1131,7
41,9991,7
41,1526,7
41,821,7
41,1811,7
41,362,7
41,896,7
41,2385,7
41,2651,7
41,5872,7
41,4877,6
41,417,6
42,4,2667
42,9,896
42,85,662
42,82,496
42,401,451
42,27,419
42,6,381
42,95,361
42,112,333
42,1566,254
42,10,238
42,74,226
42,111,213
42,1175,180
42,15,171
42,21,161
42,24,158
42,94,157
42,93,151
42,66,149
42,84,148
42,23,141
42,132,137
42,153,117
42,110,116
42,145,115
42,157,111
42,67,107
42,224,103
42,28,98
42,432,89
42,1339,89
42,174,86
42,858,82
42,68,82
42,73,82
42,798,77
42,203,74
42,578,73
42,353,72
42,126,69
42,1296,68
42,193,63
42,1,59
42,1202,52
42,870,52
42,3148,50
42,828,47
42,239,45
42,191,45
42,30,44
42,194,42
42,2,40
42,1652,32
42,3624,32
42,2854,31
42,4175,30
42,4602,27
42,814,26
42,25925,25
42,1122,23
42,378,20
42,51,19
42,587,19
42,1397,18
42,86,18
42,50,18
42,2588,18
42,851,17
42,1131,15
42,2324,15
42,1901,15
42,296,14
42,172,14
42,13741,14
42,649,13
42,622,12
42,3126,12
42,738,12
42,2504,11
42,686,11
42,513,11
42,859,11
42,580,11
42,295,10
42,992,10
42,178,10
42,616,10
42,4228,10
42,6777,10
42,25837,10
42,2093,10
42,16,10
42,36994,9
42,15005,9
42,488,9
42,1246,9
42,2185,9
42,821,9
42,4877,9
43,4,2780
43,9,896
43,6,510
43,95,504
43,82,496
43,85,466
43,10,465
43,111,378
43,15,316
43,145,274
43,112,274
43,401,261
43,66,243
43,74,222
43,73,207
43,1175,195
43,94,165
43,153,159
43,93,151
43,24,149
43,132,146
43,126,143
43,23,136
43,84,132
43,110,120
43,194,119
43,157,113
43,224,111
43,67,107
43,353,106
43,21,106
43,28,90
43,174,86
43,858,86
43,68,82
43,1,81
43,193,78
43,203,78
43,798,77
43,578,73
43,27,64
43,1296,60
43,2,57
43,1339,56
43,870,50
43,3148,50
43,30,44
43,1652,44
43,1131,37
43,172,36
43,413,31
43,191,30
43,11400,30
43,2854,29
43,1566,28
43,587,28
43,1901,27
43,738,24
43,3624,23
43,513,23
43,16,23
43,1122,23
43,12900,21
43,4228,21
43,5372,20
43,113,20
43,686,20
43,51,20
43,50,19
43,580,19
43,649,18
43,2093,18
43,1397,18
43,851,17
43,239,17
43,896,17
43,949,17
43,378,17
43,761,16
43,622,16
43,2324,15
43,9148,15
43,1014,14
43,452,14
43,2588,14
43,362,13
43,657,13
43,1271,12
43,968,12
43,992,12
43,3966,11
43,296,10
43,926,10
43,402,10
43,3623,10
43,178,10
43,758,10
43,575,10
43,828,9
43,36994,9
44,4,2846
44,85,1153
44,10,1095
44,9,896
44,153,797
44,401,551
44,1175,524
44,353,523
44,82,496
44,6,477
44,112,470
44,15,452
44,126,385
44,111,375
44,95,368
44,84,303
44,73,299
44,145,276
44,66,244
44,74,222
44,24,170
44,132,162
44,94,161
44,93,153
44,23,139
44,110,128
44,157,114
44,27,109
44,224,107
44,67,107
44,1339,106
44,21,100
44,4228,95
44,858,88
44,174,86
44,814,84
44,68,82
44,1,81
44,3624,77
44,798,77
44,2093,76
44,28,74
44,578,73
44,1901,72
44,587,71
44,949,69
44,203,65
44,2,61
44,738,60
44,16,56
44,758,55
44,452,55
44,870,52
44,2854,51
44,167,50
44,3148,50
44,5372,50
44,172,49
44,1296,49
44,1269,48
44,30,45
44,1131,43
44,649,41
44,432,41
44,561,39
44,828,38
44,378,34
44,1046,32
44,181,31
44,686,29
44,2143,28
44,3262,28
44,9353,28
44,815,25
44,513,25
44,4855,23
44,1122,23
44,1652,21
44,194,21
44,3806,21
44,191,20
44,51,19
44,8313,19
44,50,18
44,2688,18
44,616,18
44,1010,18
44,1397,18
44,883,18
44,851,17
44,116,17
44,927,17
44,657,16
44,3137,16
44,38308,15
44,968,15
44,413,15
44,1653,15
44,1014,15
44,4602,14
45,10,5629
45,153,4470
45,4,4254
45,353,2925
45,15,2819
45,85,1995
45,126,1427
45,73,1415
45,66,1253
45,6,1076
45,111,1011
45,112,946
45,9,897
45,95,873
45,27,850
45,145,837
45,401,837
45,758,602
45,1175,586
45,82,496
45,28,485
45,94,471
45,84,468
45,1296,428
45,2093,402
45,110,400
45,167,386
45,858,384
45,587,359
45,74,353
45,1901,335
45,86,328
45,452,326
45,93,321
45,203,307
45,949,292
45,16,290
45,738,289
45,132,286
45,181,279
45,378,263
45,194,259
45,24,250
45,761,236
45,828,226
45,2143,225
45,362,210
45,1,205
45,4196,196
45,5257,187
45,172,183
45,224,178
45,23,175
45,3339,173
45,2,155
45,402,154
45,3137,151
45,814,150
45,903,148
45,21,147
45,704,145
45,649,143
45,9506,141
45,1046,134
45,561,132
45,1269,129
45,3806,129
45,871,125
45,3262,125
45,686,125
45,4228,123
45,968,121
45,513,118
45,157,117
45,219,112
45,1944,111
45,4855,107
45,67,107
45,4877,107
45,2977,101
45,4462,98
45,2594,93
45,1393,93
45,1010,90
45,432,90
45,1672,87
45,827,86
45,294,86
45,174,86
45,68,82
45,3224,79
45,413,79
45,1566,79
45,798,77
45,3624,74
45,5372,73
45,578,73
45,8313,71
45,193,70
45,12236,66
46,4,3480
46,10,3285
46,153,2808
46,353,1983
46,15,1524
46,85,1163
46,126,1000
46,9,897
46,73,707
46,66,684
46,401,614
46,6,593
46,27,585
46,111,514
46,82,496
46,95,482
46,112,480
46,145,412
46,1175,351
46,28,346
46,758,334
46,132,247
46,86,247
46,2093,246
46,74,240
46,858,239
46,94,236
46,110,231
46,93,228
46,587,220
46,1296,214
46,84,207
46,1901,203
46,167,199
46,203,189
46,949,170
46,24,167
46,4196,160
46,23,154
46,16,153
46,828,148
46,1,146
46,738,136
46,761,134
46,2,132
46,1046,127
46,181,127
46,2143,126
46,194,125
46,172,118
46,21,115
46,157,115
46,3339,109
46,5257,108
46,67,107
46,3137,97
46,814,94
46,362,92
46,174,86
46,1944,85
46,68,82
46,968,78
46,798,77
46,4877,77
46,402,74
46,578,73
46,704,73
46,1393,73
46,4228,73
46,452,72
46,513,70
46,649,70
46,1566,68
46,561,68
46,2594,67
46,1269,65
46,3262,64
46,1010,64
46,3806,63
46,224,58
46,9506,56
46,870,55
46,5241,52
46,4462,52
46,378,52
46,686,51
46,3148,50
46,5372,49
46,6777,48
46,219,48
46,3624,48
46,30,45
46,413,44
46,8313,42
46,4855,42
46,4146,39
46,8666,39
46,432,38
46,4537,37
46,7830,36
47,10,3646
47,4,3644
47,153,3019
47,15,2252
47,353,1942
47,85,1261
47,73,1088
47,6,913
47,66,904
47,126,898
47,9,897
47,111,861
47,95,798
47,145,730
47,112,627
47,82,496
47,27,484
47,758,472
47,94,398
47,401,343
47,84,333
47,74,329
47,1175,324
47,167,289
47,93,286
47,452,285
47,28,275
47,110,274
47,1296,271
47,378,243
47,2093,242
47,181,240
47,24,238
47,16,227
47,858,226
47,949,218
47,132,215
47,738,214
47,2143,208
47,1901,202
47,587,201
47,86,196
47,203,168
47,828,166
47,194,159
47,23,159
47,3339,147
47,224,145
47,903,143
47,402,139
47,21,138
47,5257,136
47,172,133
47,761,129
47,362,126
47,814,126
47,9506,126
47,1,122
47,871,122
47,157,117
47,3137,109
47,67,107
47,686,105
47,4196,104
47,649,104
47,561,104
47,2977,101
47,3806,97
47,4228,92
47,4855,92
47,704,92
47,1944,86
47,174,86
47,1269,85
47,3262,83
47,68,82
47,968,79
47,3224,79
47,827,79
47,798,77
47,219,75
47,4462,74
47,578,73
47,294,73
47,432,72
47,1672,70
47,513,67
47,2,62
47,12236,60
47,193,58
47,413,58
47,2123,51
47,870,51
47,927,50
47,2594,50
47,657,50
47,3148,50
47,4877,49
47,1010,48
47,30,46
48,10,4479
48,4,4278
48,74,2009
48,15,1923
48,153,1673
48,66,1400
48,85,1324
48,111,1223
48,9,898
48,95,862
48,6,858
48,145,857
48,126,827
48,16,678
48,73,589
48,82,496
48,353,489
48,94,471
48,432,458
48,949,429
48,401,411
48,112,405
48,93,304
48,1,300
48,2093,296
48,132,275
48,24,258
48,738,253
48,172,248
48,402,233
48,224,231
48,758,218
48,1175,216
48,110,216
48,372,207
48,23,207
48,587,197
48,2143,191
48,84,185
48,167,181
48,761,180
48,21,180
48,1901,173
48,858,165
48,2123,163
48,219,156
48,700,134
48,181,130
48,157,129
48,362,126
48,1652,122
48,3806,118
48,1269,118
48,203,114
48,2,110
48,67,107
48,513,107
48,3339,104
48,194,101
48,413,98
48,373,97
48,1672,97
48,649,92
48,2949,89
48,361,88
48,704,87
48,3262,87
48,174,86
48,27,84
48,850,83
48,8313,83
48,561,83
48,68,82
48,378,81
48,2429,81
48,798,80
48,4146,78
48,1296,76
48,487,75
48,437,75
48,578,73
48,630,70
48,4196,70
48,1682,68
48,968,64
48,1831,63
48,5890,61
48,239,61
48,870,59
48,814,59
48,4462,58
48,268,57
48,411,56
48,622,54
48,3137,53
48,30,53
48,5257,53
48,12411,52
48,5408,51
48,3148,51
49,74,13884
49,10,6345
49,4,5762
49,15,3413
49,111,3056
49,85,2788
49,66,2359
49,145,2078
49,95,1585
49,16,1484
49,6,1388
49,153,1380
49,110,1313
49,126,948
49,9,898
49,372,887
49,1566,851
49,73,845
49,94,797
49,738,760
49,112,744
49,1175,627
49,949,614
49,1682,529
49,23,526
49,191,521
49,700,500
49,82,496
49,172,495
49,224,494
49,858,473
49,24,457
49,2093,450
49,1,439
49,27,419
49,84,407
49,432,396
49,587,386
49,401,384
49,132,351
49,194,318
49,93,317
49,203,314
49,21,311
49,758,302
49,5231,291
49,362,280
49,630,278
49,413,260
49,828,259
49,116,247
49,850,245
49,2,243
49,3806,243
49,268,236
49,361,228
49,992,199
49,761,198
49,3339,194
49,2143,194
49,167,186
49,3462,185
49,373,185
49,239,182
49,353,180
49,378,179
49,686,178
49,2123,177
49,402,176
49,622,176
49,1672,169
49,181,164
49,1296,157
49,437,155
49,871,153
49,487,153
49,1901,147
49,1012,145
49,827,144
49,561,143
49,5890,136
49,978,134
49,157,132
49,513,129
49,649,129
49,798,127
49,5408,123
49,30,122
49,718,119
49,926,118
49,870,117
49,36,110
49,67,107
49,1269,105
49,704,101
49,883,95
49,219,94
49,3137,94
49,296,93
49,1540,89
50,74,5448
50,4,4863
50,10,4308
50,15,2021
50,111,1784
50,66,1740
50,85,1516
50,145,1318
50,6,1019
50,95,933
50,16,932
50,9,898
50,153,878
50,126,588
50,110,575
50,73,517
50,94,510
50,82,496
50,738,483
50,949,444
50,1566,427
50,112,424
50,372,398
50,27,345
50,1175,329
50,2093,323
50,84,318
50,1,318
50,23,314
50,172,277
50,24,265
50,587,264
50,21,251
50,93,250
50,432,248
50,630,238
50,132,228
50,858,223
50,191,221
50,401,209
50,700,185
50,758,185
50,1682,178
50,2,178
50,224,176
50,850,167
50,3806,159
50,761,157
50,5231,156
50,2123,149
50,413,149
50,362,149
50,194,146
50,2143,144
50,353,144
50,686,140
50,157,132
50,268,130
50,402,130
50,167,124
50,361,119
50,798,116
50,828,111
50,67,107
50,5890,105
50,203,103
50,378,102
50,561,101
50,181,101
50,1672,100
50,1901,96
50,3339,96
50,978,93
50,437,91
50,871,86
50,174,86
50,1269,83
50,649,83
50,622,83
50,68,82
50,5408,79
50,373,77
50,36,73
50,578,73
50,1296,70
50,992,69
50,411,68
50,239,67
50,30,67
50,116,66
50,296,65
50,870,64
50,718,64
50,704,63
50,926,62
50,1653,58
50,38308,57
50,356,56
50,3103,56
50,452,53
51,74,8721
51,4,4412
51,10,3972
51,15,2209
51,85,1991
51,111,1871
51,66,1549
51,95,1176
51,145,1164
51,16,974
51,110,963
51,6,946
51,9,898
51,153,885
51,1566,728
51,126,603
51,372,593
51,94,557
51,1682,529
51,112,526
51,73,516
51,82,496
51,738,458
51,1175,436
51,23,405
51,949,399
51,224,384
51,24,371
51,700,347
51,432,335
51,191,303
51,858,303
51,172,301
51,2093,291
51,132,278
51,27,277
51,401,270
51,93,252
51,1,252
51,21,250
51,828,242
51,203,228
51,587,226
51,116,209
51,84,208
51,758,189
51,362,188
51,3462,185
51,194,178
51,3806,176
51,268,170
51,992,169
51,413,154
51,622,145
51,487,145
51,827,144
51,850,144
51,402,143
51,5231,135
51,361,132
51,1012,132
51,157,132
51,761,131
51,373,129
51,3339,125
51,978,124
51,686,121
51,2123,120
51,30,118
51,2143,114
51,181,111
51,870,110
51,167,108
51,2,108
51,1672,107
51,67,107
51,630,106
51,1296,105
51,239,103
51,378,101
51,353,101
51,513,100
51,561,98
51,871,98
51,883,95
51,798,91
51,437,87
51,1901,87
51,174,86
51,68,82
51,12236,81
51,718,76
51,926,75
51,5408,74
51,48,73
51,578,73
51,3137,73
51,4254,73
51,38308,72
51,36,67
52,15,604
52,73,313
52,267,234
52,6,187
52,10,179
52,16,169
52,153,147
52,378,144
52,413,108
52,2627,108
52,622,97
52,172,83
52,7533,81
52,757,73
52,361,64
52,1035,63
52,11319,55
52,2628,53
52,896,52
52,584,51
52,3582,43
52,24,43
52,1656,42
52,1010,41
52,658,40
52,5115,40
52,331,39
52,6449,36
52,239,30
52,111,24
52,1271,22
52,27495,20
52,580,18
52,657,17
52,13596,17
52,7536,16
52,1831,15
52,87302,14
52,571,12
52,14713,12
52,145,12
52,8570,12
52,452,12
52,3966,11
52,1393,11
52,10810,11
52,353,10
52,2373,9
52,17515,9
52,831,9
52,1635,9
52,10505,8
52,42310,8
52,850,8
52,3348,7
52,1014,7
52,7360,7
52,1672,7
52,13093,7
52,4505,7
52,9991,7
52,39260,6
52,4011,6
52,21,6
52,36,6
52,795,6
52,16990,6
52,22873,5
52,5833,5
52,268,5
52,50002,4
52,72725,4
52,8182,4
52,13435,4
52,77348,4
52,18399,4
52,37818,4
52,5003,4
52,1959,4
52,14828,4
52,20929,4
52,1540,4
52,46209,3
52,14770,3
52,11674,3
52,48107,3
52,24989,3
52,80,3
52,184,3
52,132,3
52,151933,3
52,54425,3
52,9506,3
52,2768,3
52,2429,3
52,133964,3
52,10365,3
52,5408,3
52,12506,3
52,2120,3
53,15,2280
53,10,1031
53,267,973
53,73,901
53,6,716
53,16,654
53,622,387
53,153,370
53,2627,308
53,172,275
53,378,265
53,1035,248
53,413,241
53,757,241
53,361,215
53,5115,196
53,584,191
53,7533,167
53,3582,165
53,896,157
53,1656,146
53,24,140
53,3966,115
53,6449,100
53,1014,98
53,36,98
53,1271,98
53,1010,93
53,239,91
53,1393,87
53,111,85
53,11319,84
53,657,78
53,658,78
53,2628,71
53,1831,65
53,1635,64
53,353,63
53,1672,62
53,814,62
53,571,62
53,331,55
53,145,55
53,13596,55
53,580,55
53,14713,50
53,831,47
53,2373,39
53,7536,39
53,27495,38
53,7360,36
53,10810,34
53,452,34
53,9991,33
53,1540,33
53,16990,30
53,850,28
53,1959,27
53,4505,27
53,108,25
53,8570,25
53,3228,25
53,268,24
53,2048,23
53,16567,23
53,42310,23
53,14828,23
53,7369,22
53,2816,22
53,114,22
53,13435,21
53,10505,21
53,4010,21
53,2240,21
53,48107,20
53,132,20
53,13494,20
53,3806,18
53,17515,18
53,1027,17
53,3231,17
53,12506,17
53,3348,16
53,9144,16
53,87302,16
53,21,15
53,4662,15
53,4011,15
53,4855,14
53,18100,14
53,4395,14
53,296,14
53,8182,13
53,22205,13
53,4303,13
53,18736,13
53,3138,12
53,22873,12
53,16610,12
53,209,12
54,15,623
54,10,388
54,73,253
54,16,147
54,413,123
54,172,110
54,6,109
54,622,109
54,267,105
54,378,95
54,7533,91
54,36,72
54,153,64
54,584,61
54,2627,54
54,757,51
54,1035,45
54,239,35
54,6449,30
54,831,25
54,2628,23
54,361,22
54,111,21
54,353,21
54,1014,19
54,3582,18
54,657,18
54,2373,16
54,1271,15
54,24,15
54,5115,14
54,571,13
54,8570,13
54,331,13
54,114,13
54,1672,12
54,145,12
54,658,11
54,3966,11
54,10505,10
54,4303,9
54,4505,9
54,22873,9
54,7536,9
54,14713,9
54,5408,9
54,814,8
54,2048,8
54,4011,8
54,4662,8
54,29363,8
54,1376,8
54,296,8
54,580,8
54,268,8
54,72725,7
54,452,7
54,896,7
54,1027,7
54,1010,7
54,10810,6
54,9506,6
54,24296,6
54,1540,6
54,13494,6
54,17515,6
54,61350,5
54,3806,5
54,795,5
54,21,5
54,3228,5
54,9991,5
54,24311,5
54,850,5
54,132,5
54,1656,5
54,618,5
54,4855,5
54,649,5
54,1034,4
54,2120,4
54,2819,4
54,209,4
54,6378,4
54,39260,4
54,12506,4
54,7360,4
54,27495,4
54,1635,4
54,4010,4
54,9409,4
54,184,3
54,108,3
54,16990,3
54,19156,3
54,10558,3
54,4215,3
54,87302,3
54,8551,3
54,360,3
55,15,544
55,10,508
55,6,470
55,4,470
55,95,361
55,111,330
55,145,210
55,94,161
55,93,152
55,24,149
55,73,144
55,132,139
55,23,137
55,16,136
55,66,128
55,110,121
55,67,107
55,36,101
55,172,95
55,2,88
55,1,86
55,174,86
55,68,82
55,798,81
55,578,73
55,51,71
55,757,70
55,50,68
55,622,65
55,239,64
55,571,60
55,153,53
55,267,51
55,870,50
55,3148,50
55,21,44
55,7369,37
55,413,32
55,584,28
55,896,28
55,814,25
55,126,25
55,1540,25
55,27,25
55,28,23
55,1122,23
55,114,21
55,9991,20
55,657,20
55,1672,20
55,2815,19
55,1397,19
55,1635,18
55,353,18
55,5084,17
55,851,17
55,3966,17
55,580,16
55,3228,16
55,831,15
55,296,15
55,378,15
55,35881,14
55,2324,13
55,1014,12
55,850,12
55,14893,12
55,133,11
55,10881,11
55,17443,11
55,417,11
55,733,11
55,3582,10
55,1376,10
55,112,10
55,178,10
55,858,10
55,1035,10
55,4855,9
55,108,9
55,15752,9
55,1246,9
55,412,9
55,47155,9
55,1271,9
55,3231,9
55,815,8
55,10707,8
55,29363,8
55,3327,8
55,985,8
55,4738,8
55,410,8
55,1393,8
55,575,8
55,4629,7
55,15005,7
55,28979,7
55,2499,7
55,473,7
56,15,746
56,6,373
56,95,361
56,4,339
56,10,339
56,111,236
56,73,189
56,172,177
56,94,157
56,93,151
56,16,149
56,145,143
56,24,139
56,66,137
56,23,134
56,153,132
56,132,132
56,67,107
56,1014,96
56,571,95
56,110,94
56,174,86
56,1,86
56,757,86
56,68,82
56,622,81
56,798,77
56,578,73
56,2,72
56,353,69
56,239,63
56,267,51
56,870,50
56,3148,50
56,21,46
56,1035,36
56,814,35
56,657,33
56,584,33
56,1672,31
56,3966,30
56,27,27
56,413,26
56,378,23
56,1122,23
56,28,22
56,51,20
56,18547,19
56,1540,18
56,1397,18
56,896,18
56,50,18
56,851,17
56,2815,17
56,10881,17
56,13494,16
56,4855,16
56,36,15
56,831,15
56,580,15
56,1010,14
56,2240,14
56,2324,13
56,7369,13
56,126,12
56,1027,12
56,1393,12
56,850,12
56,17515,11
56,14854,11
56,178,10
56,361,10
56,3582,9
56,1635,9
56,5084,9
56,9991,9
56,1246,9
56,15752,9
56,27803,8
56,3228,8
56,1565,8
56,18381,8
56,2429,8
56,3327,8
56,575,8
56,616,8
56,268,8
56,2373,8
56,108,8
56,410,8
56,4738,8
56,7536,8
56,1271,8
56,412,7
56,11674,7
56,10707,7
56,14893,7
56,2463,7
56,18452,7
56,2499,7
57,15,435
57,6,419
57,95,361
57,4,275
57,111,206
57,10,195
57,172,183
57,94,159
57,93,153
57,24,136
57,66,136
57,1014,133
57,132,133
57,23,130
57,73,119
57,145,113
57,67,107
57,110,100
57,174,86
57,68,82
57,798,77
57,578,73
57,1,65
57,814,64
57,622,54
57,870,52
57,21,50
57,3148,50
57,153,49
57,571,49
57,2,47
57,757,46
57,16,40
57,657,35
57,13494,35
57,2815,35
57,413,28
57,1672,27
57,267,26
57,1122,23
57,27,22
57,239,19
57,896,19
57,51,19
57,28,18
57,50,18
57,1397,18
57,378,17
57,2240,17
57,353,17
57,851,17
57,18547,16
57,850,15
57,1635,15
57,3966,15
57,2816,14
57,2324,13
57,36,13
57,2499,13
57,3228,13
57,580,12
57,1035,11
57,616,10
57,178,10
57,1393,10
57,831,10
57,452,10
57,9506,10
57,1540,10
57,114,9
57,15752,9
57,5084,9
57,268,9
57,10707,9
57,1246,9
57,7533,8
57,14893,8
57,410,8
57,1338,8
57,3327,8
57,4738,8
57,575,8
57,4855,7
57,4576,7
57,4010,7
57,3582,7
57,16990,7
57,9991,7
57,10881,7
57,80090,6
57,584,6
57,8187,6
57,2120,6
57,2373,6
57,421,6
57,417,6
57,179,6
57,7369,6
57,48,6
57,2332,6
58,6,548
58,15,545
58,95,361
58,4,291
58,10,255
58,111,218
58,73,197
58,24,171
58,94,161
58,93,155
58,172,142
58,814,140
58,66,139
58,132,132
58,23,131
58,145,119
58,1014,113
58,67,107
58,110,104
58,174,86
58,16,84
58,68,82
58,798,80
58,578,73
58,1,67
58,153,65
58,2,60
58,757,54
58,870,53
58,21,51
58,3148,50
58,239,46
58,413,42
58,622,40
58,2815,40
58,13494,40
58,85,40
58,2240,39
58,224,39
58,267,37
58,378,35
58,353,33
58,3966,26
58,1122,23
58,27,22
58,896,22
58,1635,22
58,3228,22
58,126,21
58,584,20
58,1397,19
58,657,19
58,571,19
58,1540,19
58,51,19
58,28,18
58,1271,18
58,50,18
58,851,17
58,9991,16
58,580,16
58,7536,14
58,2499,14
58,7533,14
58,2324,13
58,7749,12
58,16990,12
58,108,12
58,361,12
58,2816,12
58,1010,11
58,1393,11
58,9144,11
58,1269,11
58,5301,10
58,4855,10
58,4662,10
58,1672,10
58,178,10
58,16994,9
58,1800,9
58,15752,9
58,1246,9
58,831,9
58,850,9
58,10881,9
58,4738,8
58,184,8
58,5084,8
58,575,8
58,4010,8
58,12888,8
58,1035,8
58,3327,8
58,410,8
58,6449,8
58,2429,8
58,616,7
58,9353,7
58,24311,7
59,15,640
59,267,400
59,16,224
59,6,212
59,73,205
59,10,192
59,2627,158
59,361,132
59,153,131
59,622,114
59,5115,114
59,1035,109
59,172,76
59,896,73
59,1656,64
59,757,61
59,1014,60
59,24,54
59,584,45
59,378,43
59,13596,43
59,413,40
59,1831,37
59,814,35
59,1271,32
59,111,30
59,353,27
59,14713,26
59,6449,26
59,658,24
59,657,22
59,11319,22
59,1635,21
59,2816,21
59,7536,20
59,1672,19
59,3582,19
59,145,18
59,580,18
59,7533,17
59,2628,17
59,2240,16
59,1393,16
59,42310,15
59,16990,15
59,3966,15
59,27495,15
59,1959,14
59,1540,14
59,1010,14
59,571,14
59,239,13
59,4010,12
59,108,11
59,10810,11
59,331,11
59,3231,10
59,9144,10
59,5833,9
59,16610,9
59,48107,9
59,9991,9
59,16567,8
59,8182,8
59,3348,8
59,12506,7
59,4855,7
59,2429,7
59,452,7
59,3228,7
59,4395,7
59,4662,7
59,268,7
59,51896,6
59,1027,6
59,3806,6
59,850,6
59,32803,6
59,2770,6
59,18100,6
59,2373,6
59,8570,6
59,114,5
59,45111,5
59,56305,5
59,2048,5
59,6671,5
59,3138,5
59,61455,5
59,13494,5
59,1582,5
59,21,5
59,18736,5
59,4011,5
59,831,4
59,872,4
59,2787,4
59,5247,4
59,8016,4
59,90090,4
60,15,312
60,73,245
60,10,51
60,16,25
60,584,14
60,1672,14
60,267,12
60,622,8
60,1271,7
60,172,6
60,93,6
60,94,6
60,111,6
60,413,6
60,1014,5
60,145,5
60,4505,5
60,7598,5
60,268,4
60,7533,4
60,6449,4
60,361,4
60,24,3
60,6088,3
60,717,3
60,3966,3
60,12197,3
60,61350,3
60,12426,2
60,1393,2
60,6,2
60,5301,2
60,4273,2
60,8024,2
60,6792,2
60,48,2
60,1635,2
60,51780,2
60,25805,1
60,42310,1
60,1245,1
60,412,1
60,8016,1
60,61407,1
60,1541,1
60,5668,1
60,239,1
60,3660,1
60,1960,1
60,5669,1
60,32803,1
60,24026,1
60,27185,1
60,67840,1
60,70514,1
60,1037,1
60,5128,1
60,2244,1
60,9139,1
60,165058,1
60,3981,1
60,132,1
60,4303,1
60,5115,1
60,37818,1
60,4629,1
60,21518,1
60,478,1
60,26141,1
60,168,1
60,31231,1
60,1036,1
60,447,1
60,81873,1
60,1542,1
60,3565,1
60,227328,1
60,360,1
60,227329,1
60,3951,1
60,94485,1
60,2627,1
60,657,1
61,15,538
61,73,388
61,10,155
61,111,66
61,145,65
61,16,49
61,584,41
61,413,31
61,6,29
61,1672,24
61,267,22
61,1393,14
61,7598,11
61,1014,10
61,61350,10
61,172,9
61,622,9
61,24,8
61,268,7
61,6088,7
61,13435,6
61,37818,6
61,6449,5
61,3966,5
61,649,5
61,7533,5
61,3582,5
61,757,5
61,8182,5
61,361,5
61,4303,4
61,105450,4
61,4629,4
61,16990,4
61,1635,4
61,2853,3
61,12197,3
61,378,3
61,1036,3
61,23,3
61,18761,3
61,5073,3
61,5619,3
61,194,3
61,580,3
61,4662,3
61,2093,3
61,132,3
61,25805,2
61,5975,2
61,2773,2
61,657,2
61,8024,2
61,4273,2
61,49013,2
61,62247,2
61,67840,2
61,3660,2
61,165058,2
61,9139,2
61,12506,2
61,27185,2
61,8016,2
61,2048,2
61,3323,2
61,5668,2
61,239,2
61,571,2
61,5669,2
61,48,2
61,2515,2
61,65231,2
61,81873,1
61,21518,1
61,17836,1
61,74613,1
61,5095,1
61,896,1
61,1010,1
61,168,1
61,114,1
61,1800,1
61,447,1
61,8447,1
61,1540,1
61,81053,1
61,153,1
61,1245,1
61,1542,1
61,23564,1
61,157182,1
61,204664,1
61,61407,1
61,360,1
61,3138,1
61,478,1
61,10609,1
61,46600,1
61,3951,1
61,31231,1
62,15,1128
62,73,632
62,10,315
62,6,242
62,267,194
62,16,135
62,111,103
62,145,95
62,1672,81
62,413,69
62,3966,64
62,622,60
62,584,51
62,1393,48
62,757,43
62,1635,40
62,5115,36
62,7533,33
62,3228,32
62,172,30
62,1014,30
62,1271,29
62,239,23
62,7360,18
62,268,18
62,8350,16
62,7598,16
62,13435,15
62,37818,15
62,24,15
62,657,14
62,61350,13
62,896,13
62,6088,12
62,11790,12
62,378,12
62,361,12
62,5975,11
62,13281,11
62,1656,11
62,3582,10
62,3138,10
62,27185,10
62,580,10
62,16990,9
62,14828,9
62,8724,9
62,7885,9
62,4629,9
62,40403,8
62,93,7
62,6449,7
62,12426,7
62,94,7
62,2853,7
62,194,7
62,4505,7
62,2048,7
62,1800,7
62,9991,6
62,12197,6
62,12893,6
62,1036,6
62,571,6
62,6669,6
62,5247,6
62,8024,5
62,649,5
62,8182,5
62,3806,5
62,132,5
62,1831,5
62,39854,5
62,452,5
62,45884,5
62,4303,5
62,6671,5
62,447,5
62,6792,5
62,7361,4
62,65231,4
62,5301,4
62,8106,4
62,25805,4
62,7665,4
62,3323,4
62,5668,4
62,8325,4
62,105450,4
62,5669,4
62,450,4
62,435,4
62,36,4
62,360,4
62,22205,4
62,9409,4
62,717,4
62,153,4
62,4273,4
62,992,4
63,267,240
63,15,197
63,6,178
63,3582,79
63,10,75
63,622,68
63,73,59
63,16,50
63,5115,43
63,896,35
63,1635,35
63,153,32
63,1656,28
63,584,25
63,1393,24
63,172,23
63,1271,23
63,2627,18
63,3966,18
63,6449,17
63,580,17
63,657,16
63,24,14
63,27495,14
63,1035,13
63,11319,12
63,757,12
63,18100,11
63,48107,10
63,1959,10
63,3228,9
63,1672,9
63,22205,9
63,4395,9
63,378,8
63,9991,8
63,452,7
63,14828,7
63,3138,7
63,1014,7
63,14713,7
63,361,7
63,10810,7
63,16990,7
63,16567,6
63,413,6
63,7360,6
63,24026,6
63,2373,6
63,42310,5
63,1831,5
63,8182,5
63,21,5
63,28359,4
63,5073,4
63,658,4
63,2770,4
63,37818,4
63,2628,4
63,872,3
63,12014,3
63,4011,3
63,2120,3
63,3563,3
63,53047,3
63,51896,3
63,133964,3
63,6669,3
63,7533,3
63,13596,3
63,61455,3
63,209,3
63,12506,3
63,50555,3
63,360,3
63,3348,2
63,25993,2
63,239,2
63,353,2
63,11293,2
63,3742,2
63,80,2
63,435,2
63,7536,2
63,16610,2
63,38287,2
63,44732,2
63,268,2
63,35466,2
63,3323,2
63,8325,2
63,12765,2
63,87302,2
63,4743,2
63,3660,2
63,4010,2
63,8024,2
63,959,2
63,32323,2
63,2048,2
64,267,178
64,15,167
64,6,94
64,622,83
64,73,69
64,5115,41
64,3966,38
64,1656,36
64,10,31
64,24,28
64,172,21
64,3582,20
64,1271,20
64,1635,17
64,16,16
64,657,15
64,1393,14
64,6449,14
64,1014,13
64,2627,12
64,580,12
64,896,10
64,1959,10
64,757,9
64,16567,9
64,14828,8
64,3138,7
64,1035,6
64,18736,6
64,584,6
64,16610,5
64,3231,5
64,361,5
64,2773,4
64,28359,4
64,21,4
64,571,4
64,14713,4
64,48107,4
64,12506,4
64,378,4
64,452,4
64,12507,3
64,7360,3
64,7533,3
64,2120,3
64,413,3
64,872,3
64,13435,3
64,42310,3
64,4395,3
64,937,3
64,1010,3
64,9991,3
64,12426,3
64,3348,2
64,24026,2
64,3563,2
64,90090,2
64,6654,2
64,80,2
64,60760,2
64,153,2
64,1701,2
64,44732,2
64,1411,2
64,8325,2
64,113387,2
64,53047,2
64,132,2
64,3228,2
64,2373,2
64,585,2
64,209,2
64,16990,2
64,20715,1
64,1036,1
64,1672,1
64,168,1
64,25993,1
64,2628,1
64,140458,1
64,447,1
64,45884,1
64,92817,1
64,1542,1
64,14521,1
64,8081,1
64,2770,1
64,26739,1
64,3742,1
64,4505,1
64,968,1
64,10123,1
64,184,1
64,51896,1
64,2678,1
64,27923,1
64,22828,1
64,1269,1
65,15,467
65,73,308
65,10,126
65,6,103
65,111,70
65,145,65
65,267,46
65,16,37
65,413,32
65,584,26
65,1672,21
65,3228,19
65,3966,17
65,7533,17
65,1635,17
65,5115,15
65,8350,12
65,757,11
65,24,11
65,622,11
65,61350,9
65,13281,9
65,1014,9
65,1393,8
65,7598,7
65,11790,7
65,172,7
65,378,6
65,6088,6
65,37818,6
65,239,5
65,27185,5
65,45884,5
65,40403,5
65,268,5
65,649,5
65,4629,5
65,13435,4
65,14828,4
65,39854,4
65,657,4
65,105450,4
65,16990,4
65,7665,4
65,8024,3
65,5668,3
65,12197,3
65,5669,3
65,23,3
65,6669,3
65,361,3
65,5619,3
65,452,3
65,2093,3
65,45688,3
65,571,3
65,450,3
65,132,2
65,8570,2
65,3323,2
65,22205,2
65,4505,2
65,1800,2
65,4273,2
65,7360,2
65,1565,2
65,2515,2
65,13498,2
65,13728,2
65,9409,2
65,5787,2
65,47155,2
65,32014,1
65,170708,1
65,1831,1
65,168,1
65,89331,1
65,90090,1
65,4,1
65,1079,1
65,447,1
65,3660,1
65,4395,1
65,850,1
65,411,1
65,1542,1
65,17836,1
65,580,1
65,2048,1
65,7524,1
65,412,1
65,70514,1
65,23564,1
65,64091,1
65,177147,1
65,4303,1
65,165058,1
65,18452,1
65,5095,1
65,12893,1
66,15,231
66,10,190
66,6,77
66,73,72
66,16,57
66,153,40
66,3582,33
66,757,33
66,622,31
66,267,25
66,584,24
66,172,23
66,36,19
66,1035,19
66,831,16
66,239,14
66,413,13
66,1672,12
66,2627,11
66,657,10
66,1014,10
66,331,9
66,27495,8
66,132,8
66,2048,8
66,7533,8
66,22873,8
66,4505,8
66,6449,8
66,21,7
66,8570,7
66,1271,7
66,3966,7
66,2373,6
66,452,6
66,7369,6
66,268,6
66,17515,6
66,850,6
66,571,6
66,12506,5
66,353,5
66,814,5
66,108,5
66,24296,5
66,896,5
66,3806,5
66,4662,5
66,16990,4
66,111,4
66,815,4
66,378,4
66,5115,4
66,172750,4
66,1010,4
66,580,4
66,80,4
66,11674,3
66,9144,3
66,7536,3
66,4010,3
66,795,3
66,51235,3
66,5613,3
66,18381,3
66,10881,3
66,114,2
66,112233,2
66,77348,2
66,19156,2
66,145,2
66,10735,2
66,3490,2
66,16567,2
66,1831,2
66,361,2
66,1037,2
66,1635,2
66,5073,2
66,17772,2
66,67818,2
66,2819,2
66,24,2
66,7360,2
66,9409,2
66,1540,2
66,12708,2
66,3563,2
66,412,2
66,93712,2
66,145862,2
66,950,2
66,14713,2
66,10123,2
66,648,2
66,18399,2
66,1393,2
66,10505,2
66,184,2
66,2628,2
67,15,130
67,10,53
67,6,43
67,267,42
67,16,38
67,1672,29
67,413,20
67,1393,18
67,3966,14
67,73,13
67,7360,11
67,622,10
67,896,8
67,7533,7
67,3228,6
67,5115,6
67,239,6
67,3138,5
67,12893,5
67,6671,4
67,9991,4
67,361,4
67,7885,4
67,992,4
67,7361,4
67,757,4
67,13435,4
67,3582,4
67,1635,3
67,16990,3
67,153,3
67,1014,3
67,268,3
67,14828,3
67,8182,3
67,10609,3
67,1036,2
67,5247,2
67,4303,2
67,35466,2
67,657,2
67,17456,2
67,172,2
67,3951,2
67,5073,2
67,11293,2
67,8724,2
67,1800,2
67,27,2
67,37818,2
67,28,2
67,360,2
67,25805,2
67,5840,2
67,36215,2
67,1271,2
67,49013,2
67,94637,2
67,42310,2
67,6669,1
67,23943,1
67,2853,1
67,8350,1
67,1542,1
67,452,1
67,81053,1
67,3323,1
67,10707,1
67,8906,1
67,9144,1
67,157182,1
67,27704,1
67,12411,1
67,584,1
67,1565,1
67,8325,1
67,65231,1
67,18793,1
67,2594,1
67,7598,1
67,167,1
67,161669,1
67,244486,1
67,12014,1
67,161670,1
67,904,1
67,6088,1
67,17946,1
67,27185,1
67,111,1
67,114,1
67,250358,1
67,141365,1
67,145,1
67,5975,1
67,937,1
67,927,1
67,13281,1
67,90090,1
67,2675,1
68,15,134
68,16,43
68,10,30
68,1672,25
68,73,24
68,6,17
68,267,13
68,413,10
68,239,7
68,37818,6
68,7533,6
68,3966,5
68,1635,5
68,12893,5
68,6671,4
68,111,4
68,145,4
68,361,4
68,622,4
68,1014,4
68,447,3
68,757,3
68,435,3
68,268,3
68,580,3
68,35466,2
68,172,2
68,17456,2
68,153,2
68,5840,2
68,360,2
68,25805,2
68,3951,2
68,1412,2
68,1800,2
68,37077,1
68,1036,1
68,12426,1
68,452,1
68,353,1
68,3323,1
68,584,1
68,9144,1
68,2429,1
68,237034,1
68,7598,1
68,7360,1
68,1814,1
68,6199,1
68,11790,1
68,9582,1
68,41412,1
68,6088,1
68,141365,1
68,190444,1
68,250358,1
68,4629,1
68,927,1
68,94637,1
68,271565,1
68,17946,1
68,872,1
68,1037,1
68,2594,1
68,168,1
68,904,1
68,1542,1
68,657,1
68,161669,1
68,10609,1
68,31231,1
68,161670,1
68,184,1
68,55467,1
68,186,1
68,62382,1
68,67840,1
68,23300,1
68,44977,1
68,3228,1
68,8016,1
68,1271,1
69,15,246
69,10,159
69,16,92
69,267,57
69,172,52
69,6,49
69,622,45
69,73,42
69,3966,41
69,757,36
69,584,33
69,153,29
69,1035,27
69,3582,25
69,1010,23
69,413,19
69,239,17
69,1014,16
69,1672,14
69,831,13
69,36,12
69,657,11
69,7533,11
69,814,11
69,378,10
69,571,9
69,353,9
69,361,8
69,452,8
69,896,8
69,21,7
69,4505,7
69,1540,6
69,268,6
69,2373,6
69,658,6
69,1831,6
69,1271,6
69,13494,6
69,10810,5
69,3231,5
69,16994,5
69,7369,5
69,7360,5
69,132,5
69,80,4
69,2240,4
69,11674,4
69,24296,4
69,172750,4
69,108,4
69,2773,4
69,580,4
69,1037,3
69,2463,3
69,18547,3
69,14828,3
69,24,3
69,111,3
69,1036,3
69,12507,3
69,17515,3
69,10505,3
69,18736,3
69,12708,3
69,5613,2
69,1565,2
69,1701,2
69,10881,2
69,126,2
69,10123,2
69,21251,2
69,9496,2
69,36215,2
69,1960,2
69,184,2
69,331,2
69,850,2
69,329,2
69,13435,2
69,3228,2
69,6449,2
69,60760,2
69,182358,2
69,9144,2
69,145,2
69,861,2
69,4011,2
69,2499,2
69,1393,2
69,114,2
69,3951,2
69,450,2
69,4010,2
69,2048,2
69,13498,1
69,5073,1
69,435,1
69,449,1
69,3623,1
70,15,51
70,10,33
70,6,22
70,267,19
70,622,13
70,111,12
70,145,12
70,1672,12
70,5115,7
70,3138,6
70,8350,6
70,16,6
70,378,6
70,7533,6
70,73,5
70,40403,3
70,1635,3
70,6792,3
70,4629,3
70,36,3
70,1393,3
70,1271,2
70,7885,2
70,657,2
70,239,2
70,11790,2
70,3228,2
70,6057,2
70,3966,2
70,11674,2
70,450,2
70,8724,2
70,2048,2
70,16990,2
70,14828,2
70,10558,1
70,1036,1
70,4475,1
70,35718,1
70,6088,1
70,831,1
70,94637,1
70,4728,1
70,3981,1
70,32014,1
70,6974,1
70,413,1
70,64091,1
70,90090,1
70,271694,1
70,10707,1
70,118471,1
70,8325,1
70,168,1
70,198910,1
70,447,1
70,872,1
70,114,1
70,1542,1
70,717,1
70,21130,1
70,1656,1
70,757,1
70,83805,1
70,70514,1
70,5128,1
70,2373,1
70,1014,1
70,7360,1
70,361,1
70,2853,1
70,11036,1
70,8959,1
70,194,1
70,1800,1
70,12426,1
71,15,249
71,73,181
71,10,57
71,267,54
71,6,39
71,16,17
71,622,16
71,896,14
71,3966,13
71,413,11
71,7533,10
71,757,9
71,24,9
71,1393,8
71,3228,8
71,1014,7
71,93,7
71,94,7
71,111,7
71,1271,7
71,172,6
71,3582,6
71,2048,5
71,4505,5
71,1672,5
71,1635,5
71,1656,5
71,657,5
71,5115,5
71,27185,4
71,6088,3
71,584,3
71,717,3
71,5975,3
71,14828,3
71,8024,3
71,12197,3
71,2627,3
71,9991,3
71,6669,3
71,7360,3
71,13435,2
71,61350,2
71,4273,2
71,42310,2
71,7885,2
71,3138,2
71,4395,2
71,12426,2
71,412,2
71,51896,2
71,24026,2
71,13498,2
71,6654,2
71,814,2
71,239,2
71,8570,2
71,268,2
71,6792,2
71,79724,2
71,51780,2
71,145,2
71,5668,2
71,48107,2
71,5669,2
71,8182,2
71,1959,2
71,1831,2
71,26702,1
71,5300,1
71,12506,1
71,1541,1
71,12806,1
71,2120,1
71,43315,1
71,850,1
71,10735,1
71,360,1
71,153,1
71,1960,1
71,94485,1
71,3565,1
71,11036,1
71,3912,1
71,299040,1
71,26739,1
71,452,1
71,5840,1
71,361,1
71,11790,1
71,3981,1
71,2240,1
71,161774,1
71,227328,1
71,6449,1
71,5128,1
71,227329,1
71,2477,1
71,42451,1
71,13494,1
72,6,113
72,3582,66
72,267,61
72,15,43
72,1393,36
72,73,24
72,3966,20
72,7360,16
72,10,11
72,5115,10
72,622,9
72,13435,8
72,1635,8
72,9991,7
72,1271,6
72,896,6
72,580,6
72,992,5
72,1959,5
72,14828,4
72,7361,4
72,18761,3
72,50555,3
72,16990,3
72,46600,3
72,47155,3
72,14713,3
72,21,3
72,5247,2
72,65231,2
72,16,2
72,2853,2
72,196249,2
72,10558,2
72,6654,2
72,12426,2
72,1672,2
72,2627,2
72,62247,2
72,36215,2
72,27,2
72,28,2
72,11293,2
72,5301,2
72,16567,2
72,488,2
72,435,2
72,452,2
72,3742,1
72,80,1
72,18736,1
72,1542,1
72,54737,1
72,172,1
72,62380,1
72,24,1
72,184,1
72,2373,1
72,6449,1
72,61412,1
72,1656,1
72,12430,1
72,7598,1
72,24026,1
72,5073,1
72,378,1
72,87745,1
72,244486,1
72,5109,1
72,2773,1
72,4215,1
72,18793,1
72,12708,1
72,93712,1
72,113387,1
72,77348,1
72,5975,1
72,11790,1
72,8724,1
72,657,1
72,28359,1
72,10609,1
72,64881,1
72,795,1
72,13281,1
72,27923,1
72,5696,1
72,3563,1
72,26702,1
72,937,1
72,38893,1
72,90090,1
72,2499,1
72,12383,1
72,8447,1
72,1831,1
72,3348,1
72,9409,1
72,5787,1
72,35466,1
73,15,293
73,73,137
73,10,109
73,6,67
73,16,47
73,267,44
73,172,39
73,1672,33
73,3966,32
73,413,28
73,447,23
73,622,21
73,7360,13
73,1635,12
73,1014,10
73,12893,9
73,79026,9
73,584,9
73,37818,9
73,61087,8
73,186,8
73,7533,8
73,657,8
73,178,7
73,268,7
73,757,7
73,1271,7
73,145,6
73,896,6
73,571,6
73,1036,6
73,111,6
73,8724,5
73,580,5
73,435,4
73,50611,4
73,239,4
73,1881,4
73,49013,4
73,1908,3
73,872,3
73,12,3
73,2499,3
73,926,3
73,4972,3
73,1542,3
73,361,3
73,107147,3
73,153,3
73,3228,3
73,17040,3
73,37077,2
73,842,2
73,1540,2
73,4408,2
73,12708,2
73,27185,2
73,2373,2
73,31231,2
73,209,2
73,2048,2
73,1482,2
73,115,2
73,5247,2
73,977,2
73,1412,2
73,598,2
73,122689,2
73,67840,2
73,167,2
73,153988,2
73,15473,1
73,9708,1
73,2429,1
73,18736,1
73,9589,1
73,117868,1
73,88510,1
73,132,1
73,44423,1
73,88589,1
73,8350,1
73,48,1
73,3168,1
73,8024,1
73,7090,1
73,1277,1
73,1959,1
73,6199,1
73,16990,1
73,61412,1
73,55467,1
73,8016,1
73,160414,1
73,74613,1
73,234619,1
73,271694,1
73,1800,1
73,62382,1
73,3951,1
74,15,72
74,73,41
74,10,25
74,172,23
74,6,21
74,16,16
74,267,12
74,1672,8
74,413,8
74,61087,7
74,622,6
74,1271,5
74,7360,5
74,580,5
74,8724,4
74,571,4
74,3966,3
74,79026,3
74,926,3
74,2499,3
74,37077,2
74,153988,2
74,1014,2
74,3228,2
74,757,2
74,12893,1
74,7533,1
74,842,1
74,7885,1
74,6199,1
74,9144,1
74,1800,1
74,872,1
74,24549,1
74,1635,1
74,4408,1
74,62382,1
74,6088,1
74,361,1
74,209,1
74,268,1
74,37818,1
74,111,1
74,435,1
74,3981,1
74,145,1
74,17068,1
74,1036,1
74,657,1
74,14778,1
74,3951,1
74,234619,1
74,11790,1
74,896,1
75,267,49
75,15,44
75,6,34
75,10,32
75,5115,20
75,73,15
75,1635,14
75,172,11
75,111,10
75,16,9
75,145,8
75,622,8
75,3966,7
75,1672,7
75,40403,6
75,1393,6
75,8350,6
75,1014,6
75,3228,5
75,22205,4
75,4629,4
75,1271,4
75,13728,3
75,2093,3
75,13435,3
75,194,3
75,1800,3
75,6792,3
75,452,3
75,7598,3
75,3138,2
75,1959,2
75,657,2
75,7885,2
75,450,2
75,11674,2
75,30735,2
75,9991,2
75,584,2
75,413,2
75,6057,2
75,32205,2
75,580,2
75,5301,2
75,83805,1
75,1010,1
75,18736,1
75,168,1
75,3981,1
75,5136,1
75,6449,1
75,447,1
75,89331,1
75,11036,1
75,1565,1
75,1542,1
75,2048,1
75,14828,1
75,2373,1
75,268,1
75,757,1
75,1831,1
75,6088,1
75,8959,1
75,10707,1
75,36,1
75,132,1
75,378,1
75,1277,1
75,6974,1
75,7533,1
75,2627,1
75,118471,1
75,70514,1
75,1908,1
75,4475,1
75,872,1
75,831,1
75,21130,1
75,114,1
75,4728,1
75,62247,1
75,6671,1
75,717,1
75,5840,1
75,1079,1
76,1,6
76,2,6
76,4,6
76,52,6
76,81053,1
77,15,573
77,10,308
77,73,190
77,6,160
77,16,134
77,757,84
77,172,83
77,622,67
77,153,65
77,584,53
77,267,47
77,1014,46
77,571,39
77,353,36
77,1035,34
77,413,33
77,239,31
77,36,29
77,378,26
77,111,25
77,3966,23
77,145,21
77,361,20
77,7533,19
77,1271,18
77,850,17
77,831,17
77,814,16
77,1672,16
77,2373,15
77,657,15
77,1540,14
77,13494,12
77,7369,12
77,4303,11
77,268,11
77,1635,10
77,9991,10
77,1010,10
77,5084,9
77,3228,9
77,3582,8
77,10881,8
77,14893,7
77,21,7
77,1037,7
77,1393,7
77,108,7
77,7536,7
77,1574,7
77,1831,6
77,13435,6
77,17515,6
77,3348,6
77,3806,6
77,7360,6
77,658,6
77,452,5
77,18381,5
77,4,5
77,16994,5
77,10810,5
77,926,5
77,9506,5
77,4505,5
77,61350,4
77,1960,4
77,2120,4
77,412,4
77,13281,4
77,896,4
77,2048,4
77,80,4
77,24,4
77,580,4
77,4855,4
77,2429,4
77,16340,4
77,1908,4
77,1800,4
77,4743,4
77,209,4
77,5975,3
77,3166,3
77,4011,3
77,1036,3
77,10558,3
77,5408,3
77,329,3
77,5443,3
77,126,3
77,116,3
77,649,3
77,8959,3
77,79724,3
77,450,3
77,5073,3
77,4215,3
77,8024,2
77,10707,2
78,15,79
78,73,47
78,10,44
78,172,14
78,1672,13
78,267,10
78,1635,8
78,12893,8
78,79026,6
78,3966,5
78,1036,4
78,1881,4
78,6,4
78,584,4
78,1014,4
78,413,4
78,1908,3
78,757,2
78,598,2
78,122689,2
78,622,2
78,49013,2
78,16,2
78,37818,2
78,67840,1
78,268,1
78,18736,1
78,5095,1
78,2373,1
78,88510,1
78,63572,1
78,7360,1
78,717,1
78,450,1
78,17040,1
78,35713,1
78,738,1
78,105536,1
78,23564,1
78,4780,1
78,61087,1
78,571,1
78,31231,1
78,649,1
78,2048,1
78,1079,1
78,32014,1
78,7439,1
78,182830,1
78,187483,1
78,8024,1
78,4303,1
78,74613,1
78,107147,1
78,1271,1
78,153,1
78,1540,1
78,8666,1
78,48,1
78,111,1
78,8016,1
78,145,1
79,6,30
79,15,26
79,267,17
79,3966,17
79,622,9
79,10,9
79,896,5
79,73,5
79,1635,4
79,657,3
79,17040,3
79,79026,3
79,7533,2
79,413,2
79,16,2
79,11293,2
79,8724,2
79,3228,1
79,49013,1
79,1672,1
79,27026,1
79,7543,1
79,1271,1
79,12708,1
79,15473,1
79,239,1
79,271694,1
79,3582,1
79,209,1
79,268,1
79,872,1
79,287904,1
79,905,1
79,1959,1
79,179429,1
79,50611,1
79,312,1
79,1036,1
79,7090,1
79,2048,1
79,4395,1
79,18452,1
80,15,26
80,73,10
80,16,6
80,6,6
80,413,3
80,10,3
80,268,2
80,3966,2
80,657,2
80,5247,2
80,1672,2
80,12383,1
80,37818,1
80,267,1
80,12708,1
80,16990,1
80,172,1
80,61412,1
80,93712,1
80,622,1
80,2373,1
81,15,103
81,73,61
81,10,37
81,172,21
81,16,20
81,1672,12
81,12893,8
81,584,5
81,267,5
81,3966,5
81,1036,4
81,61087,4
81,107147,3
81,757,3
81,1014,3
81,79026,3
81,49013,3
81,361,2
81,842,2
81,153988,2
81,872,1
81,24549,1
81,93503,1
81,6088,1
81,6,1
81,4728,1
81,1079,1
81,2048,1
81,622,1
81,111,1
81,1271,1
81,145,1
81,268,1
81,14778,1
81,3981,1
81,48,1
81,234619,1
81,3951,1
81,7533,1
81,8182,1
81,413,1
81,153,1
81,4780,1
81,8666,1
81,571,1
81,37818,1
82,15,94
82,73,52
82,10,24
82,6,21
82,16,16
82,1672,10
82,413,10
82,1014,6
82,37818,6
82,111,5
82,145,5
82,172,5
82,267,4
82,580,4
82,61087,4
82,7360,4
82,8724,4
82,268,3
82,435,3
82,2499,3
82,239,3
82,79026,3
82,3228,2
82,361,2
82,3966,2
82,657,2
82,1412,2
82,8024,1
82,74613,1
82,55467,1
82,209,1
82,571,1
82,1036,1
82,67840,1
82,757,1
82,237034,1
82,896,1
82,31231,1
82,2373,1
82,842,1
82,44977,1
82,11790,1
82,9144,1
82,7533,1
82,1800,1
82,622,1
82,2429,1
83,267,74
83,3966,45
83,15,34
83,6,28
83,10,26
83,447,25
83,413,14
83,622,13
83,186,10
83,1635,8
83,178,8
83,3228,6
83,16,5
83,5975,5
83,896,5
83,1656,4
83,657,4
83,1271,4
83,3582,4
83,5115,4
83,2048,3
83,172,3
83,7360,3
83,7533,3
83,12,3
83,4972,3
83,1482,3
83,1542,3
83,9409,2
83,268,2
83,7885,2
83,5247,2
83,115,2
83,239,2
83,977,2
83,51896,2
83,50611,2
83,37818,2
83,3138,2
83,757,2
83,167,1
83,1672,1
83,11036,1
83,522,1
83,1036,1
83,872,1
83,412,1
83,9144,1
83,4011,1
83,571,1
83,88589,1
83,27185,1
83,11790,1
83,5128,1
83,9589,1
83,1014,1
83,584,1
83,32014,1
83,18452,1
83,44423,1
83,1959,1
83,37077,1
83,9708,1
83,179429,1
83,310,1
83,8106,1
83,65857,1
83,117868,1
83,2853,1
83,8350,1
83,275,1
83,19717,1
83,49013,1
83,22,1
83,26608,1
83,8622,1
83,10609,1
83,280,1
83,64518,1
83,17703,1
83,185,1
83,196,1
83,24469,1
83,65955,1
83,32841,1
83,22644,1
83,24470,1
83,73497,1
83,79041,1
83,71401,1
83,50670,1
83,24471,1
83,122443,1
83,3168,1
83,36,1
83,168,1
83,6669,1
83,160414,1
83,209,1
83,36215,1
84,6,57
84,267,21
84,3966,16
84,27,12
84,28,12
84,5975,11
84,872,8
84,8724,7
84,10,7
84,622,5
84,8106,4
84,580,3
84,46600,3
84,4728,3
84,15,3
84,657,3
84,50611,3
84,37077,2
84,11293,2
84,19717,2
84,38462,2
84,896,2
84,1672,2
84,3348,1
84,27923,1
84,1271,1
84,12507,1
84,4395,1
84,8447,1
84,3228,1
84,413,1
84,7360,1
84,3582,1
84,209,1
84,814,1
84,815,1
84,1079,1
84,65231,1
84,153512,1
84,452,1
84,5247,1
85,15,98
85,6,41
85,73,32
85,757,22
85,111,18
85,267,16
85,145,16
85,16,15
85,10,12
85,1271,10
85,1014,10
85,622,9
85,239,8
85,172,6
85,1635,5
85,580,5
85,268,4
85,413,3
85,8325,3
85,2853,3
85,1959,3
85,27185,3
85,194,3
85,1831,3
85,4662,3
85,18736,2
85,5115,2
85,32205,2
85,7533,2
85,1393,2
85,8666,2
85,26141,2
85,10558,2
85,7598,2
85,1672,2
85,657,2
85,7360,2
85,571,2
85,14828,2
85,378,2
85,4629,2
85,3966,2
85,13435,2
85,22205,1
85,2688,1
85,39854,1
85,13093,1
85,3228,1
85,46600,1
85,6449,1
85,3323,1
85,4505,1
85,1206,1
85,6669,1
85,1908,1
85,8447,1
85,18547,1
85,13728,1
85,13281,1
85,1411,1
85,2429,1
85,5943,1
85,12426,1
85,1656,1
85,361,1
85,1010,1
85,1036,1
85,5787,1
85,25993,1
85,168,1
85,60977,1
85,24,1
85,447,1
85,896,1
85,132,1
85,1542,1
85,8350,1
85,118471,1
85,584,1
85,4728,1
85,3582,1
86,267,16
86,15,13
86,16,9
86,3966,9
86,1635,7
86,7360,7
86,6,5
86,5975,1
86,571,1
86,8350,1
86,1393,1
86,46600,1
86,47155,1
86,62247,1
86,4728,1
86,622,1
86,18736,1
86,73,1
87,267,42
87,15,17
87,3966,13
87,622,10
87,10,8
87,3228,6
87,1635,5
87,5115,5
87,7885,5
87,896,4
87,1271,4
87,16,4
87,757,4
87,6,3
87,3806,3
87,584,3
87,657,2
87,42310,2
87,3138,2
87,4629,2
87,16775,1
87,447,1
87,15473,1
87,102264,1
87,1542,1
87,1672,1
87,23943,1
87,81053,1
87,73,1
87,172,1
87,2240,1
87,580,1
87,8906,1
87,11293,1
87,168,1
88,267,26
88,3966,22
88,6,6
88,10,4
88,15,2
88,622,2
88,50611,2
88,10203,2
88,896,1
88,3582,1
88,757,1
88,5115,1
88,1271,1
88,36215,1
88,9144,1
88,8106,1
88,65857,1
88,452,1
88,3348,1
88,27923,1
88,7360,1
88,5975,1
88,19717,1
89,6,23
89,872,8
89,267,7
89,622,3
89,580,3
89,657,3
89,8724,3
89,38462,2
89,896,2
89,4395,1
89,209,1
89,3966,1
89,37077,1
89,46600,1
89,8447,1
90,15,9
90,1672,2
90,16,2
90,73,2
90,10,2
90,27185,1
90,8182,1
90,6,1
90,167,1
90,49013,1
90,757,1
90,132,1
90,1277,1
90,7533,1
91,111,3
91,145,3
91,1393,1
91,24026,1
91,6,1
91,5975,1
91,81053,1
91,10,1
91,7048,1
92,15,13
92,6,4
92,1672,3
92,7533,3
92,16,2
92,73,2
92,17040,2
92,10,2
92,757,1
92,312,1
92,584,1
92,738,1
92,23564,1
92,905,1
92,8724,1
92,50611,1
92,12708,1
92,153,1
92,3912,1
93,267,12
93,24,10
93,1656,10
93,15,9
93,1393,5
93,6,4
93,10,4
93,5115,3
93,196249,2
93,1672,2
93,48107,2
93,16,2
93,1635,2
93,3582,2
93,21,2
93,622,2
93,452,1
93,1831,1
93,184,1
93,168,1
93,1079,1
93,435,1
93,12430,1
93,447,1
93,2773,1
93,87745,1
93,1542,1
93,42451,1
93,9991,1
93,12708,1
93,50555,1
93,6088,1
93,3966,1
93,16990,1
93,571,1
93,2373,1
93,18736,1
93,4395,1
93,2627,1
93,10558,1
93,90090,1
93,13435,1
93,42310,1
93,7533,1
93,5696,1
93,5975,1
93,3323,1
93,38893,1
93,585,1
93,80,1
93,73,1
94,15,20
94,73,14
94,622,5
94,1271,5
94,6,2
94,2373,1
94,3966,1
94,268,1
94,657,1
94,4408,1
94,435,1
94,17068,1
94,1672,1
94,1540,1
95,267,12
95,6,10
95,3966,10
95,1656,6
95,10,5
95,15,5
95,8724,4
95,413,3
95,5247,3
95,5975,3
95,896,2
95,1271,2
95,1635,1
95,31570,1
95,3228,1
95,622,1
95,50611,1
95,11790,1
95,172,1
95,62247,1
95,12426,1
95,55952,1
95,251411,1
95,2853,1
95,57880,1
95,5130,1
95,7885,1
96,27,11
96,28,11
96,6,1
96,8724,1
97,7651,1
97,81053,1
97,1,1
97,2,1
97,4,1
97,52,1
98,6,5
98,46600,2
98,3966,2
98,10,2
98,5247,1
98,12507,1
98,37077,1
99,6,5
99,4728,3
99,10,2
99,3966,2
99,153512,1
99,50611,1
99,1271,1
99,1672,1
99,267,1
99,622,1
100,7651,1
101,6,3
101,4728,3
